sale,employee,date,item,quantity,total
0,CHRISTINE LUU,Monday 5th of May 2003,Xerox 1974,4,19.12
0,CHRISTINE LUU,Monday 5th of May 2003,Rogers Deluxe File Chest,6,131.88
0,CHRISTINE LUU,Monday 5th of May 2003,Eldon Expressions Wood and Plastic Desk Accessories  Cherry Wood,3,20.94
1,Angelica Leon,Saturday 10th of January 2004,Xerox 1957,6,31.08
2,Jason Sawyer,Sunday 29th of August 2004,Imation USB 2.0 Swivel Flash Drive USB flash drive - 4 GB - Pink,5,15.149999999999999
2,Jason Sawyer,Sunday 29th of August 2004,Verbatim 25 GB 6x Blu-ray Single Layer Recordable Disc  3/Pack,3,20.97
3,MARIA CRISTI,Tuesday 3rd of September 2002,Cisco SPA 501G IP Phone,6,426.96
3,MARIA CRISTI,Tuesday 3rd of September 2002,Acco D-Ring Binder w/DublLock,1,17.1
4,PETER LEONARD,Friday 20th of June 2003,3M Hangers With Command Adhesive,5,14.8
4,PETER LEONARD,Friday 20th of June 2003,Eldon Cleatmat Plus Chair Mats for High Pile Carpets,2,159.04
5,Maurice Ellis,Sunday 16th of April 2000,Global Value Steno Chair  Gray,8,388.72
5,Maurice Ellis,Sunday 16th of April 2000,Adams Phone Message Book  200 Message Capacity  8 1/16  x 11 ,3,20.64
6,Arthur Caldeira,Wednesday 13th of June 2001,OSullivan 4-Shelf Bookcase in Odessa Pine,1,102.83
6,Arthur Caldeira,Wednesday 13th of June 2001,Ibico Standard Transparent Covers,2,32.96
6,Arthur Caldeira,Wednesday 13th of June 2001,Global Geo Office Task Chair  Gray,2,129.56
6,Arthur Caldeira,Wednesday 13th of June 2001,Self-Adhesive Address Labels for Typewriters by Universal,6,43.86
6,Arthur Caldeira,Wednesday 13th of June 2001,Staple envelope,5,22.3
7,RODNEY SITTON,Saturday 31st of May 2003,Hon 5100 Series Wood Tables,1,232.78
7,RODNEY SITTON,Saturday 31st of May 2003,Lenovo 17-Key USB Numeric Keypad,1,27.19
7,RODNEY SITTON,Saturday 31st of May 2003,Avery 489,8,66.24
7,RODNEY SITTON,Saturday 31st of May 2003,Logitech LS21 Speaker System - PC Multimedia - 2.1-CH - Wired,9,179.91
7,RODNEY SITTON,Saturday 31st of May 2003,OIC Colored Binder Clips  Assorted Sizes,5,14.299999999999999
8,TAHAR-MOURAD KEHILA,Tuesday 30th of October 2001,NETGEAR AC1750 Dual Band Gigabit Smart WiFi Router,9,1151.9099999999999
8,TAHAR-MOURAD KEHILA,Tuesday 30th of October 2001,Howard Miller 14-1/2 Diameter Chrome Round Wall Clock,1,63.94
8,TAHAR-MOURAD KEHILA,Tuesday 30th of October 2001,Global Low Back Tilter Chair,2,161.56
8,TAHAR-MOURAD KEHILA,Tuesday 30th of October 2001,Economy Binders,9,3.78
9,Gloria Arredondo,Friday 18th of August 2000,Square Credit Card Reader,2,15.98
9,Gloria Arredondo,Friday 18th of August 2000,Wilson Jones  Snap  Scratch Pad Binder Tool for Ring Binders,1,5.8
10,Roberto Ortiz,Friday 2nd of August 2002,Canon Color ImageCLASS MF8580Cdw Wireless Laser All-In-One Printer  Copier  Scanner,10,3359.9
10,Roberto Ortiz,Friday 2nd of August 2002,Bush Advantage Collection Round Conference Table,5,584.6500000000001
10,Roberto Ortiz,Friday 2nd of August 2002,Samsung Galaxy Note 3,3,527.97
10,Roberto Ortiz,Friday 2nd of August 2002,Tyvek Side-Opening Peel & Seel Expanding Envelopes,3,271.44
11,Gregory Cutcher,Saturday 31st of March 2001,BPI Conference Tables,2,146.04
12,Ray Salvador,Friday 18th of October 2002,Nortel Meridian M3904 Professional Digital phone,3,369.57
12,Ray Salvador,Friday 18th of October 2002,Panasonic Kx-TS550,8,294.32
12,Ray Salvador,Friday 18th of October 2002,GBC Prestige Therm-A-Bind Covers,2,68.62
12,Ray Salvador,Friday 18th of October 2002,KLD Oscar II Style Snap-on Ultra Thin Side Flip Synthetic Leather Cover Case for HTC One HTC M7,5,48.6
13,Alfreddie Steward,Wednesday 26th of March 2003,Telephone Message Books with Fax/Mobile Section  5 1/2 x 3 3/16,1,6.35
13,Alfreddie Steward,Wednesday 26th of March 2003,Deflect-o SuperTray Unbreakable Stackable Tray  Letter  Black,10,291.8
13,Alfreddie Steward,Wednesday 26th of March 2003,Xerox 1930,4,20.72
14,Veronidia Alibutod-Romabiles,Friday 14th of July 2000,Poly Designer Cover & Back,1,5.7
15,Arthur Caldeira,Saturday 20th of March 2004,Novimex Swivel Fabric Task Chair,7,1056.86
15,Arthur Caldeira,Saturday 20th of March 2004,Akro-Mils 12-Gallon Tote,7,55.580000000000005
15,Arthur Caldeira,Saturday 20th of March 2004,Newell 324,5,46.2
16,Stephen Park,Wednesday 7th of February 2001,Belkin Grip Candy Sheer Case / Cover for iPhone 5 and 5S,1,8.78
16,Stephen Park,Wednesday 7th of February 2001,Anker Astro 15000mAh USB Portable Charger,7,349.93
17,Cheryl Nashir,Saturday 24th of January 2004,Eldon Cleatmat Plus Chair Mats for High Pile Carpets,7,556.64
17,Cheryl Nashir,Saturday 24th of January 2004,Eldon ClusterMat Chair Mat with Cordless Antistatic Protection,7,509.46000000000004
17,Cheryl Nashir,Saturday 24th of January 2004,Fellowes PB200 Plastic Comb Binding Machine,6,815.94
17,Cheryl Nashir,Saturday 24th of January 2004,1.7 Cubic Foot Compact Cube Office Refrigerators,4,832.64
18,Gloria Arredondo,Sunday 6th of February 2000,Economy Binders,3,1.26
19,David Hill,Monday 6th of January 2003,Howard Miller 14-1/2 Diameter Chrome Round Wall Clock,5,319.7
20,Jason Sawyer,Monday 1st of May 2000,Home/Office Personal File Carts,3,104.28
20,Jason Sawyer,Monday 1st of May 2000,Premium Writing Pencils  Soft  #2 by Central Association for the Blind,10,29.8
20,Jason Sawyer,Monday 1st of May 2000,Recycled Interoffice Envelopes with String and Button Closure  10 x 13,2,38.38
21,YaPing Penta,Thursday 21st of June 2001,GBC Twin Loop Wire Binding Elements  9/16 Spine  Black,6,18.240000000000002
21,YaPing Penta,Thursday 21st of June 2001,Boston 1645 Deluxe Heavier-Duty Electric Pencil Sharpener,1,43.98
22,Ana Vieira-Ribeiro,Monday 6th of October 2003,C-Line Cubicle Keepers Polyproplyene Holder With Velcro Backings,8,30.24
22,Ana Vieira-Ribeiro,Monday 6th of October 2003,GE General Purpose  Extra Long Life  Showcase & Floodlight Incandescent Bulbs,7,20.37
22,Ana Vieira-Ribeiro,Monday 6th of October 2003,Storex Dura Pro Binders,10,47.5
22,Ana Vieira-Ribeiro,Monday 6th of October 2003,Eldon Expressions Desk Accessory  Wood Photo Frame  Mahogany,7,106.61
22,Ana Vieira-Ribeiro,Monday 6th of October 2003,Bevis Round Conference Table Top  X-Base,6,860.58
23,John Cretan,Monday 13th of October 2003,Advantus 10-Drawer Portable Organizer  Chrome Metal Frame  Smoke Drawers,9,430.29
23,John Cretan,Monday 13th of October 2003,OIC Binder Clips  Mini  1/4 Capacity  Black,2,2.48
24,Veronidia Alibutod-Romabiles,Saturday 4th of November 2000,Atlantic Metals Mobile 3-Shelf Bookcases  Custom Colors,2,354.94
24,Veronidia Alibutod-Romabiles,Saturday 4th of November 2000,Storex Dura Pro Binders,3,14.25
24,Veronidia Alibutod-Romabiles,Saturday 4th of November 2000,Ibico Recycled Grain-Textured Covers,5,51.8
24,Veronidia Alibutod-Romabiles,Saturday 4th of November 2000,Office Star - Ergonomically Designed Knee Chair,9,728.82
24,Veronidia Alibutod-Romabiles,Saturday 4th of November 2000,Storex DuraTech Recycled Plastic Frosted Binders,5,4.25
25,Emilio Benedetti,Tuesday 16th of January 2001,Avery 51,4,20.16
25,Emilio Benedetti,Tuesday 16th of January 2001,Bevis Round Bullnose 29 High Table Top,6,1246.6200000000001
25,Emilio Benedetti,Tuesday 16th of January 2001,2300 Heavy-Duty Transfer File Systems by Perma,4,99.92
25,Emilio Benedetti,Tuesday 16th of January 2001,SimpliFile Personal File  Black Granite  15w x 6-15/16d x 11-1/4h,1,9.08
25,Emilio Benedetti,Tuesday 16th of January 2001,Anker 36W 4-Port USB Wall Charger Travel Power Adapter for iPhone 5s 5c 5,7,83.93
26,Cheryl Chan,Friday 16th of April 2004,Avery 512,1,2.31
26,Cheryl Chan,Friday 16th of April 2004,Bush Westfield Collection Bookcases  Medium Cherry Finish,4,115.96
26,Cheryl Chan,Friday 16th of April 2004,OSullivan 2-Door Barrister Bookcase in Odessa Pine,9,814.41
27,Roberto Ortiz,Thursday 6th of March 2003,50 Colored Long Pencils,6,60.96
28,William Tuck,Thursday 10th of August 2000,GBC ProClick 150 Presentation Binding System,1,94.79
28,William Tuck,Thursday 10th of August 2000,Logitech P710e Mobile Speakerphone,6,1235.94
28,William Tuck,Thursday 10th of August 2000,Insertable Tab Post Binder Dividers,5,12.05
28,William Tuck,Thursday 10th of August 2000,Crayola Colored Pencils,10,26.200000000000003
28,William Tuck,Thursday 10th of August 2000,Acco Hanging Data Binders,3,9.149999999999999
29,Trini Whittaker,Sunday 9th of January 2000,Tyvek Side-Opening Peel & Seel Expanding Envelopes,3,271.44
30,Amy Ng,Thursday 28th of December 2000,Avery Durable Plastic 1 Binders,8,36.32
31,John Cretan,Friday 28th of June 2002,Xerox 1916,1,39.15
31,John Cretan,Friday 28th of June 2002,iHome FM Clock Radio with Lightning Dock,2,111.98
31,John Cretan,Friday 28th of June 2002,Tennsco Stur-D-Stor Boltless Shelving  5 Shelves  24 Deep  Sand,10,1353.1
32,Bethany Prendes,Wednesday 29th of December 2004,High-Back Leather Managers Chair,1,103.99
32,Bethany Prendes,Wednesday 29th of December 2004,Recycled Interoffice Envelopes with String and Button Closure  10 x 13,2,38.38
32,Bethany Prendes,Wednesday 29th of December 2004,Convenience Packs of Business Envelopes,5,18.1
32,Bethany Prendes,Wednesday 29th of December 2004,Pizazz Global Quick File,1,14.97
33,Cheryl Chan,Monday 18th of February 2002,Xerox 1883,1,26.38
33,Cheryl Chan,Monday 18th of February 2002,Safco Commercial Shelving,4,148.84
33,Cheryl Chan,Monday 18th of February 2002,Decoflex Hanging Personal Folder File  Blue,4,61.68
33,Cheryl Chan,Monday 18th of February 2002,KeyTronic 6101 Series - Keyboard - Black,4,131.16
33,Cheryl Chan,Monday 18th of February 2002,Ideal Clamps,3,6.029999999999999
34,David Hill,Thursday 15th of June 2000,Stur-D-Stor Shelving  Vertical 5-Shelf: 72H x 36W x 18 1/2D,3,332.94
34,David Hill,Thursday 15th of June 2000,Global Deluxe High-Back Managers Chair,5,1000.95
34,David Hill,Thursday 15th of June 2000,Chromcraft Rectangular Conference Tables,5,947.9000000000001
34,David Hill,Thursday 15th of June 2000,Space Solutions HD Industrial Steel Shelving.,5,459.90000000000003
34,David Hill,Thursday 15th of June 2000,File Shuttle II and Handi-File  Black,6,162.66
35,Ana Vieira-Ribeiro,Thursday 18th of May 2000,Home/Office Personal File Carts,7,243.32
35,Ana Vieira-Ribeiro,Thursday 18th of May 2000,Newell 318,8,22.24
35,Ana Vieira-Ribeiro,Thursday 18th of May 2000,Balt Solid Wood Rectangular Table,1,63.29
36,Stephen Park,Wednesday 19th of July 2000,Cardinal Hold-It CD Pocket,4,6.4
36,Stephen Park,Wednesday 19th of July 2000,Safco Industrial Shelving,5,369.25
37,Stephen Park,Saturday 16th of February 2002,Newell 350,2,6.56
38,LUIS ZUNIGA,Saturday 29th of January 2000,9-3/4 Diameter Round Wall Clock,2,27.58
38,LUIS ZUNIGA,Saturday 29th of January 2000,I Needs 3d Hello Kitty Hybrid Silicone Case Cover for HTC One X 4g with 3d Hello Kitty Stylus Pen Green/pink,2,23.92
39,Trini Whittaker,Thursday 28th of October 2004,Fellowes Officeware Wire Shelving,9,808.47
39,Trini Whittaker,Thursday 28th of October 2004,Anker 36W 4-Port USB Wall Charger Travel Power Adapter for iPhone 5s 5c 5,1,11.99
39,Trini Whittaker,Thursday 28th of October 2004,Easy-staple paper,3,29.46
39,Trini Whittaker,Thursday 28th of October 2004,Xerox 205,7,45.36
40,CHERYL KIRKSEY,Thursday 26th of July 2001,Luxo Economy Swing Arm Lamp,4,79.76
40,CHERYL KIRKSEY,Thursday 26th of July 2001,Xerox 205,4,25.92
40,CHERYL KIRKSEY,Thursday 26th of July 2001,Avery Durable Plastic 1 Binders,1,4.54
40,CHERYL KIRKSEY,Thursday 26th of July 2001,AT&T 1070 Corded Phone,8,713.52
41,William Tuck,Tuesday 26th of September 2000,Xerox 1930,9,46.62
41,William Tuck,Tuesday 26th of September 2000,Bush Somerset Collection Bookcase,4,523.92
41,William Tuck,Tuesday 26th of September 2000,Staple-based wall hangings,10,39.0
41,William Tuck,Tuesday 26th of September 2000,Novimex Swivel Fabric Task Chair,7,1056.86
42,Trini Whittaker,Thursday 29th of July 2004,Tyvek  Top-Opening Peel & Seel Envelopes  Plain White,2,43.48
43,Bethany Prendes,Thursday 25th of April 2002,Imation USB 2.0 Swivel Flash Drive USB flash drive - 4 GB - Pink,3,9.09
43,Bethany Prendes,Thursday 25th of April 2002,Post-it  Important Message  Note Pad  Neon Colors  50 Sheets/Pad,2,11.64
43,Bethany Prendes,Thursday 25th of April 2002,Gould Plastics 18-Pocket Panel Bin  34w x 5-1/4d x 20-1/2h,6,551.9399999999999
44,Alfreddie Steward,Wednesday 6th of February 2002,Xerox 1930,7,36.26
44,Alfreddie Steward,Wednesday 6th of February 2002,Acco PRESSTEX Data Binder with Storage Hooks  Dark Blue  14 7/8 X 11,5,21.5
45,Janet Brock,Tuesday 26th of March 2002,JBL Micro Wireless Portable Bluetooth Speaker,10,479.90000000000003
45,Janet Brock,Tuesday 26th of March 2002,Epson WorkForce WF-2530 All-in-One Printer  Copier Scanner,9,629.91
45,Janet Brock,Tuesday 26th of March 2002,Holmes Replacement Filter for HEPA Air Cleaner  Very Large Room  HEPA Filter,2,27.52
45,Janet Brock,Tuesday 26th of March 2002,3M Office Air Cleaner,3,77.94
45,Janet Brock,Tuesday 26th of March 2002,Canon imageCLASS MF7460 Monochrome Digital Laser Multifunction Copier,3,5987.97
46,LIH-MEEI LEU,Friday 9th of March 2001,Decoflex Hanging Personal Folder File,9,138.78
47,RODNEY SITTON,Monday 23rd of October 2000,GE General Purpose  Extra Long Life  Showcase & Floodlight Incandescent Bulbs,8,23.28
47,RODNEY SITTON,Monday 23rd of October 2000,Memorex Micro Travel Drive 8 GB,10,104.0
48,LIH-MEEI LEU,Tuesday 26th of September 2000,Eldon Expressions Desk Accessory  Wood Pencil Holder  Oak,8,30.88
48,LIH-MEEI LEU,Tuesday 26th of September 2000,AT&T CL83451 4-Handset Telephone,7,1441.93
48,LIH-MEEI LEU,Tuesday 26th of September 2000,Sharp AL-1530CS Digital Copier,3,1199.97
49,William Tuck,Thursday 21st of August 2003,Xerox 1987,1,5.78
49,William Tuck,Thursday 21st of August 2003,Sanford Colorific Eraseable Coloring Pencils  12 Count,2,6.56
49,William Tuck,Thursday 21st of August 2003,Global Ergonomic Managers Chair,7,1140.1599999999999
49,William Tuck,Thursday 21st of August 2003,Eldon 200 Class Desk Accessories  Burgundy,9,45.17999999999999
50,MONICA COLLINS,Sunday 23rd of June 2002,Self-Adhesive Address Labels for Typewriters by Universal,10,73.1
51,MONICA COLLINS,Sunday 28th of March 2004,Canon PC1080F Personal Copier,7,4199.93
51,MONICA COLLINS,Sunday 28th of March 2004,Wilson Jones International Size A4 Ring Binders,4,55.36
52,Tan Nguyen,Monday 16th of February 2004,SimpliFile Personal File  Black Granite  15w x 6-15/16d x 11-1/4h,5,45.4
52,Tan Nguyen,Monday 16th of February 2004,Microsoft Natural Keyboard Elite,2,95.8
52,Tan Nguyen,Monday 16th of February 2004,Tuff Stuff Recycled Round Ring Binders,9,34.74
52,Tan Nguyen,Monday 16th of February 2004,Xerox 1913,10,554.8
53,LUIS ZUNIGA,Monday 17th of May 2004,Hon Multipurpose Stacking Arm Chairs,1,216.6
53,LUIS ZUNIGA,Monday 17th of May 2004,C-Line Cubicle Keepers Polyproplyene Holder With Velcro Backings,7,26.459999999999997
53,LUIS ZUNIGA,Monday 17th of May 2004,Electrix 20W Halogen Replacement Bulb for Zoom-In Desk Lamp,2,26.8
53,LUIS ZUNIGA,Monday 17th of May 2004,Advantus 10-Drawer Portable Organizer  Chrome Metal Frame  Smoke Drawers,8,382.48
54,Tan Nguyen,Sunday 18th of November 2001,Advantus Push Pins  Aluminum Head,2,11.62
54,Tan Nguyen,Sunday 18th of November 2001,Wirebound Message Books  Two 4 1/4 x 5 Forms per Page,6,45.660000000000004
54,Tan Nguyen,Sunday 18th of November 2001,Avaya 5420 Digital phone,9,1214.91
55,CHERYL KIRKSEY,Saturday 14th of October 2000,Bush Somerset Collection Bookcase,3,392.93999999999994
55,CHERYL KIRKSEY,Saturday 14th of October 2000,Global Deluxe High-Back Managers Chair,8,1601.52
55,CHERYL KIRKSEY,Saturday 14th of October 2000,DXL Angle-View Binders with Locking Rings by Samsill,4,24.68
56,Bethany Prendes,Monday 11th of December 2000,Acco Six-Outlet Power Strip  4 Cord Length,7,60.339999999999996
57,YaPing Penta,Monday 24th of February 2003,Microsoft Arc Touch Mouse,3,143.88
57,YaPing Penta,Monday 24th of February 2003,Memorex Mini Travel Drive 16 GB USB 2.0 Flash Drive,2,31.94
57,YaPing Penta,Monday 24th of February 2003,Premier Automatic Letter Opener,7,1346.1000000000001
58,Eric Chen,Thursday 29th of July 2004,Logitech Wireless Gaming Headset G930,1,127.99
59,RENE CHANDON,Monday 27th of September 2004,Fellowes Officeware Wire Shelving,7,628.81
59,RENE CHANDON,Monday 27th of September 2004,Jabra BIZ 2300 Duo QD Duo Corded Headset,9,914.3100000000001
60,Kavon Jackson,Saturday 1st of February 2003,Companion Letter/Legal File  Black,5,188.79999999999998
61,Kavon Jackson,Monday 28th of October 2002,Ibico Laser Imprintable Binding System Covers,8,125.76
61,Kavon Jackson,Monday 28th of October 2002,Avery Personal Creations Heavyweight Cards,10,92.30000000000001
62,Gloria Arredondo,Saturday 8th of May 2004,Xerox 1911,10,479.0
62,Gloria Arredondo,Saturday 8th of May 2004,Design Ebony Sketching Pencil,1,1.11
62,Gloria Arredondo,Saturday 8th of May 2004,Advantus 10-Drawer Portable Organizer  Chrome Metal Frame  Smoke Drawers,10,478.1
63,Amanda Handerhan,Sunday 4th of June 2000,Microsoft Arc Touch Mouse,4,191.84
63,Amanda Handerhan,Sunday 4th of June 2000,Belkin 8 Outlet SurgeMaster II Gold Surge Protector with Phone Protection,3,242.94
63,Amanda Handerhan,Sunday 4th of June 2000,Howard Miller 13 Diameter Goldtone Round Wall Clock,2,75.1
63,Amanda Handerhan,Sunday 4th of June 2000,Acme Rosewood Handle Letter Opener,5,15.9
63,Amanda Handerhan,Sunday 4th of June 2000,KI Conference Tables,6,212.70000000000002
64,John Cretan,Monday 17th of June 2002,Global Deluxe Office Fabric Chairs,2,153.56
64,John Cretan,Monday 17th of June 2002,Advantus Push Pins,1,2.18
64,John Cretan,Monday 17th of June 2002,Hon Practical Foundations 30 x 60 Training Table  Light Gray/Charcoal,9,1126.3500000000001
65,Cheryl Chan,Tuesday 28th of November 2000,Universal Premium White Copier/Laser Paper (20Lb. and 87 Bright),5,29.900000000000002
65,Cheryl Chan,Tuesday 28th of November 2000,Wilson Jones Century Plastic Molded Ring Binders,8,33.2
65,Cheryl Chan,Tuesday 28th of November 2000,Fellowes Strictly Business Drawer File  Letter/Legal Size,7,985.9499999999999
66,MONICA COLLINS,Sunday 2nd of June 2002,BOSTON Model 1800 Electric Pencil Sharpeners  Putty/Woodgrain,10,143.8
66,MONICA COLLINS,Sunday 2nd of June 2002,Avery Binding System Hidden Tab Executive Style Index Sets,10,46.2
66,MONICA COLLINS,Sunday 2nd of June 2002,Belkin 19 Vented Equipment Shelf  Black,4,164.72
66,MONICA COLLINS,Sunday 2nd of June 2002,Prang Colored Pencils,3,8.82
66,MONICA COLLINS,Sunday 2nd of June 2002,Deluxe Rollaway Locking File with Drawer,3,998.0999999999999
67,ALLEN SCHNEIDER,Saturday 23rd of February 2002,Logitech LS21 Speaker System - PC Multimedia - 2.1-CH - Wired,6,119.94
68,YaPing Penta,Tuesday 24th of June 2003,GBC Prestige Therm-A-Bind Covers,5,171.55
68,YaPing Penta,Tuesday 24th of June 2003,Global Deluxe Office Fabric Chairs,3,230.34
68,YaPing Penta,Tuesday 24th of June 2003,Xerox 1958,8,51.84
69,MAVERICK MADISON,Friday 1st of September 2000,#10 Gummed Flap White Envelopes  100/Box,1,4.13
69,MAVERICK MADISON,Friday 1st of September 2000,Xerox 4200 Series MultiUse Premium Copy Paper (20Lb. and 84 Bright),2,10.56
69,MAVERICK MADISON,Friday 1st of September 2000,Avery Durable Plastic 1 Binders,4,18.16
69,MAVERICK MADISON,Friday 1st of September 2000,Eldon ClusterMat Chair Mat with Cordless Antistatic Protection,2,145.56
69,MAVERICK MADISON,Friday 1st of September 2000,Clear Mylar Reinforcing Strips,4,59.8
70,Patrick Cummins,Tuesday 17th of April 2001,Plantronics Cordless Phone Headset with In-line Volume - M214C,1,34.95
70,Patrick Cummins,Tuesday 17th of April 2001,Wirebound Message Books  5-1/2 x 4 Forms  2 or 4 Forms per Page,8,42.8
70,Patrick Cummins,Tuesday 17th of April 2001,Newell 345,3,59.519999999999996
70,Patrick Cummins,Tuesday 17th of April 2001,Xerox 1999,9,58.32000000000001
71,RENE CHANDON,Friday 30th of April 2004,Global Deluxe Office Fabric Chairs,4,307.12
71,RENE CHANDON,Friday 30th of April 2004,Holmes Odor Grabber,1,2.88
71,RENE CHANDON,Friday 30th of April 2004,Lenovo 17-Key USB Numeric Keypad,8,217.52
71,RENE CHANDON,Friday 30th of April 2004,Gould Plastics 9-Pocket Panel Bin  18-3/8w x 5-1/4d x 20-1/2h  Black,6,317.94
71,RENE CHANDON,Friday 30th of April 2004,Safco Commercial Shelving,5,186.05
72,Roberto Ortiz,Sunday 10th of February 2002,Atlantic Metals Mobile 3-Shelf Bookcases  Custom Colors,1,177.47
72,Roberto Ortiz,Sunday 10th of February 2002,Newell 333,9,25.02
72,Roberto Ortiz,Sunday 10th of February 2002,Belkin F5C206VTEL 6 Outlet Surge,1,22.98
72,Roberto Ortiz,Sunday 10th of February 2002,Howard Miller 13-3/4 Diameter Brushed Chrome Round Wall Clock,9,372.59999999999997
73,TIMMY SANDERS,Wednesday 7th of July 2004,Premier Electric Letter Opener,9,834.21
73,TIMMY SANDERS,Wednesday 7th of July 2004,Global Value Mid-Back Managers Chair  Gray,3,127.85999999999999
74,Bethany Prendes,Monday 5th of May 2003,Wirebound Service Call Books  5 1/2 x 4,8,77.44
74,Bethany Prendes,Monday 5th of May 2003,Ibico Standard Transparent Covers,6,98.88
74,Bethany Prendes,Monday 5th of May 2003,Bush Westfield Collection Bookcases  Medium Cherry Finish,3,86.97
74,Bethany Prendes,Monday 5th of May 2003,Eldon Cleatmat Plus Chair Mats for High Pile Carpets,7,556.64
74,Bethany Prendes,Monday 5th of May 2003,Cisco SPA 501G IP Phone,1,71.16
75,William Tuck,Saturday 11th of December 2004,GBC Twin Loop Wire Binding Elements  9/16 Spine  Black,1,3.04
75,William Tuck,Saturday 11th of December 2004,Bulldog Vacuum Base Pencil Sharpener,9,107.91
75,William Tuck,Saturday 11th of December 2004,While You Were Out Pads  50 per Pad  4 x 5 1/4  Green Cycle,6,22.68
75,William Tuck,Saturday 11th of December 2004,Xerox 1913,1,55.48
76,Ray Salvador,Saturday 28th of August 2004,Logitech P710e Mobile Speakerphone,6,1235.94
76,Ray Salvador,Saturday 28th of August 2004,Xerox 191,10,199.8
76,Ray Salvador,Saturday 28th of August 2004,Sony Micro Vault Click 8 GB USB 2.0 Flash Drive,6,281.94
77,MAVERICK MADISON,Wednesday 20th of October 2004,Eldon 200 Class Desk Accessories  Burgundy,10,50.199999999999996
77,MAVERICK MADISON,Wednesday 20th of October 2004,Bevis Round Conference Table Top  X-Base,8,1147.44
77,MAVERICK MADISON,Wednesday 20th of October 2004,Avery Personal Creations Heavyweight Cards,1,9.23
77,MAVERICK MADISON,Wednesday 20th of October 2004,Eaton Premium Continuous-Feed Paper  25% Cotton  Letter Size  White  1000 Shts/Box,7,388.35999999999996
78,David Hill,Thursday 8th of August 2002,Hon 4070 Series Pagoda Armless Upholstered Stacking Chairs,7,1633.6599999999999
78,David Hill,Thursday 8th of August 2002,Westinghouse Mesh Shade Clip-On Gooseneck Lamp  Black,7,98.98
78,David Hill,Thursday 8th of August 2002,Safco Industrial Wire Shelving,1,76.79
79,Ray Salvador,Monday 26th of March 2001,Stur-D-Stor Shelving  Vertical 5-Shelf: 72H x 36W x 18 1/2D,3,332.94
79,Ray Salvador,Monday 26th of March 2001,Recycled Interoffice Envelopes with String and Button Closure  10 x 13,1,19.19
79,Ray Salvador,Monday 26th of March 2001,Xerox 1920,10,59.800000000000004
79,Ray Salvador,Monday 26th of March 2001,Xerox 1958,10,64.80000000000001
80,Trini Whittaker,Tuesday 4th of December 2001,DXL Angle-View Binders with Locking Rings by Samsill,6,37.019999999999996
80,Trini Whittaker,Tuesday 4th of December 2001,Lexmark MX611dhe Monochrome Laser Printer,4,4079.96
81,MONICA COLLINS,Saturday 17th of April 2004,Bevis Steel Folding Chairs,2,153.52
81,MONICA COLLINS,Saturday 17th of April 2004,Wirebound Message Books  Two 4 1/4 x 5 Forms per Page,1,7.61
81,MONICA COLLINS,Saturday 17th of April 2004,JBL Micro Wireless Portable Bluetooth Speaker,2,95.98
82,Emilio Benedetti,Sunday 3rd of June 2001,KeyTronic 6101 Series - Keyboard - Black,1,32.79
82,Emilio Benedetti,Sunday 3rd of June 2001,Fellowes Personal Hanging Folder Files  Navy,7,94.00999999999999
82,Emilio Benedetti,Sunday 3rd of June 2001,Tyvek  Top-Opening Peel & Seel Envelopes  Plain White,10,217.39999999999998
82,Emilio Benedetti,Sunday 3rd of June 2001,Clear Mylar Reinforcing Strips,1,14.95
82,Emilio Benedetti,Sunday 3rd of June 2001,Logitech LS21 Speaker System - PC Multimedia - 2.1-CH - Wired,10,199.89999999999998
83,Roberto Ortiz,Saturday 21st of June 2003,Wilson Jones International Size A4 Ring Binders,5,69.2
83,Roberto Ortiz,Saturday 21st of June 2003,Tenex Traditional Chairmats for Medium Pile Carpet  Standard Lip  36 x 48,6,291.12
83,Roberto Ortiz,Saturday 21st of June 2003,Presstex Flexible Ring Binders,6,21.84
84,RODNEY SITTON,Thursday 22nd of August 2002,Avery Recycled Flexi-View Covers for Binding Systems,3,14.43
84,RODNEY SITTON,Thursday 22nd of August 2002,Tenex Contemporary Contur Chairmats for Low and Medium Pile Carpet  Computer  39 x 49,3,258.06
84,RODNEY SITTON,Thursday 22nd of August 2002,Boston Heavy-Duty Trimline Electric Pencil Sharpeners,6,289.20000000000005
84,RODNEY SITTON,Thursday 22nd of August 2002,Round Ring Binders,9,3.78
85,John Cretan,Saturday 3rd of March 2001,Samsung Galaxy Note 3,9,1583.91
86,Kavon Jackson,Friday 2nd of May 2003,Bush Advantage Collection Round Conference Table,4,467.72
86,Kavon Jackson,Friday 2nd of May 2003,Xerox 195,10,66.8
86,Kavon Jackson,Friday 2nd of May 2003,Deflect-o DuraMat Lighweight  Studded  Beveled Mat for Low Pile Carpeting,7,238.83999999999997
86,Kavon Jackson,Friday 2nd of May 2003,Sabrent 4-Port USB 2.0 Hub,4,27.16
87,Gloria Arredondo,Sunday 31st of August 2003,Advantus Push Pins,4,8.72
88,MARIA CRISTI,Sunday 19th of August 2001,Acco PRESSTEX Data Binder with Storage Hooks  Dark Blue  14 7/8 X 11,1,4.3
89,MARIA CRISTI,Saturday 23rd of November 2002,Bush Advantage Collection Racetrack Conference Table,7,1484.77
89,MARIA CRISTI,Saturday 23rd of November 2002,Avery Hi-Liter EverBold Pen Style Fluorescent Highlighters  4/Pack,7,45.57
89,MARIA CRISTI,Saturday 23rd of November 2002,Apple iPhone 5S,1,455.99
90,Cheryl Chan,Wednesday 18th of July 2001,Bose SoundLink Bluetooth Speaker,10,1592.0
91,Ana Vieira-Ribeiro,Monday 2nd of June 2003,Swingline SM12-08 MicroCut Jam Free Shredder,3,360.0
91,Ana Vieira-Ribeiro,Monday 2nd of June 2003,Sauder Mission Library with Doors  Fruitwood Finish,9,1001.97
91,Ana Vieira-Ribeiro,Monday 2nd of June 2003,Poly Designer Cover & Back,6,34.2
92,YaPing Penta,Friday 28th of May 2004,Wilson Jones Custom Binder Spines & Labels,3,4.89
92,YaPing Penta,Friday 28th of May 2004,GBC Prestige Therm-A-Bind Covers,9,308.79
92,YaPing Penta,Friday 28th of May 2004,GBC VeloBinder Electric Binding Machine,10,362.9
92,YaPing Penta,Friday 28th of May 2004,GE 30524EE4,1,156.79
92,YaPing Penta,Friday 28th of May 2004,KI Conference Tables,7,248.15000000000003
93,Kavon Jackson,Tuesday 28th of March 2000,Vinyl Coated Wire Paper Clips in Organizer Box  800/Box,4,36.72
93,Kavon Jackson,Tuesday 28th of March 2000,Fellowes PB200 Plastic Comb Binding Machine,2,271.98
94,Duong Trang,Sunday 6th of June 2004,Safco Industrial Wire Shelving System,7,509.46000000000004
94,Duong Trang,Sunday 6th of June 2004,Global Value Steno Chair  Gray,5,242.95000000000002
94,Duong Trang,Sunday 6th of June 2004,Samsung Galaxy Note 3,3,527.97
94,Duong Trang,Sunday 6th of June 2004,OIC Binder Clips,2,7.16
94,Duong Trang,Sunday 6th of June 2004,File Shuttle II and Handi-File  Black,8,216.88
95,ALLEN SCHNEIDER,Saturday 24th of March 2001,Global Geo Office Task Chair  Gray,9,583.02
95,ALLEN SCHNEIDER,Saturday 24th of March 2001,Lexmark MX611dhe Monochrome Laser Printer,2,2039.98
95,ALLEN SCHNEIDER,Saturday 24th of March 2001,Gould Plastics 9-Pocket Panel Bin  18-3/8w x 5-1/4d x 20-1/2h  Black,4,211.96
95,ALLEN SCHNEIDER,Saturday 24th of March 2001,Hunt PowerHouse Electric Pencil Sharpener  Blue,7,265.85999999999996
95,ALLEN SCHNEIDER,Saturday 24th of March 2001,Kensington 7 Outlet MasterPiece Power Center,10,356.0
96,Duong Trang,Thursday 15th of March 2001,Round Specialty Laser Printer Labels,2,20.04
97,Tan Nguyen,Saturday 17th of May 2003,GBC VeloBinder Manual Binding System,10,359.90000000000003
97,Tan Nguyen,Saturday 17th of May 2003,Belkin F5C206VTEL 6 Outlet Surge,6,137.88
97,Tan Nguyen,Saturday 17th of May 2003,Safco Industrial Wire Shelving System,10,727.8
97,Tan Nguyen,Saturday 17th of May 2003,Acme Rosewood Handle Letter Opener,8,25.44
97,Tan Nguyen,Saturday 17th of May 2003,Avery 519,3,21.93
98,BO-MING NG,Monday 23rd of June 2003,Wirebound Message Books  Two 4 1/4 x 5 Forms per Page,9,68.49000000000001
98,BO-MING NG,Monday 23rd of June 2003,Newell 324,9,83.16
98,BO-MING NG,Monday 23rd of June 2003,Xerox 216,10,51.8
98,BO-MING NG,Monday 23rd of June 2003,Executive Impressions 14 Two-Color Numerals Wall Clock,7,127.25999999999999
99,Eric Chen,Monday 6th of May 2002,Gould Plastics 18-Pocket Panel Bin  34w x 5-1/4d x 20-1/2h,1,91.99
99,Eric Chen,Monday 6th of May 2002,Xerox 1995,5,32.400000000000006
99,Eric Chen,Monday 6th of May 2002,Acme Rosewood Handle Letter Opener,5,15.9
100,MARIA CRISTI,Monday 31st of March 2003,Sony 32GB Class 10 Micro SDHC R40 Memory Card,10,209.5
101,Sophear Meas,Wednesday 7th of March 2001,Eldon Expressions Desk Accessory  Wood Pencil Holder  Oak,3,11.58
102,Mitchol Hong,Wednesday 7th of June 2000,Fellowes Super Stor/Drawer,9,249.75
102,Mitchol Hong,Wednesday 7th of June 2000,Advantus SlideClip Paper Clips,10,27.3
102,Mitchol Hong,Wednesday 7th of June 2000,Logitech K350 2.4Ghz Wireless Keyboard,2,79.64
103,Ana Vieira-Ribeiro,Thursday 5th of April 2001,Dixon Prang Watercolor Pencils  10-Color Set with Brush,2,8.52
103,Ana Vieira-Ribeiro,Thursday 5th of April 2001,Telephone Message Books with Fax/Mobile Section  5 1/2 x 3 3/16,10,63.5
103,Ana Vieira-Ribeiro,Thursday 5th of April 2001,Acco Hanging Data Binders,2,6.1
103,Ana Vieira-Ribeiro,Thursday 5th of April 2001,Trav-L-File Heavy-Duty Shuttle II  Black,1,34.86
104,Trini Whittaker,Saturday 20th of December 2003,Insertable Tab Post Binder Dividers,2,4.82
104,Trini Whittaker,Saturday 20th of December 2003,Verbatim 25 GB 6x Blu-ray Single Layer Recordable Disc  3/Pack,8,55.92
104,Trini Whittaker,Saturday 20th of December 2003,American Pencil,6,13.98
105,LUIS ZUNIGA,Saturday 7th of August 2004,Binney & Smith Crayola Metallic Colored Pencils  8-Color Set,4,14.8
106,Ray Salvador,Thursday 19th of June 2003,Kensington 7 Outlet MasterPiece HOMEOFFICE Power Control Center,9,235.98
107,Roberto Ortiz,Friday 30th of April 2004,Bush Advantage Collection Round Conference Table,3,350.79
108,Bob Massola,Sunday 22nd of April 2001,Plantronics Cordless Phone Headset with In-line Volume - M214C,6,209.70000000000002
109,Emilio Benedetti,Thursday 4th of September 2003,6 Cubicle Wall Clock  Black,7,22.68
109,Emilio Benedetti,Thursday 4th of September 2003,BIC Brite Liner Highlighters,6,19.86
109,Emilio Benedetti,Thursday 4th of September 2003,Xerox 1987,4,23.12
109,Emilio Benedetti,Thursday 4th of September 2003,GBC Twin Loop Wire Binding Elements  9/16 Spine  Black,3,9.120000000000001
109,Emilio Benedetti,Thursday 4th of September 2003,Padded Folding Chairs  Black  4/Carton,4,226.76
110,TIMMY SANDERS,Thursday 31st of January 2002,Logitech Wireless Headset h800,7,699.93
110,TIMMY SANDERS,Thursday 31st of January 2002,Staple envelope,8,45.44
110,TIMMY SANDERS,Thursday 31st of January 2002,Deluxe Rollaway Locking File with Drawer,9,2994.2999999999997
110,TIMMY SANDERS,Thursday 31st of January 2002,9-3/4 Diameter Round Wall Clock,4,55.16
110,TIMMY SANDERS,Thursday 31st of January 2002,Southworth 25% Cotton Linen-Finish Paper & Envelopes,8,58.0
111,Amanda Handerhan,Monday 3rd of September 2001,Wilson Jones Century Plastic Molded Ring Binders,1,4.15
111,Amanda Handerhan,Monday 3rd of September 2001,C-Line Cubicle Keepers Polyproplyene Holder With Velcro Backings,10,37.8
112,Stephen Park,Wednesday 10th of May 2000,Flexible Leather- Look Classic Collection Ring Binder,10,56.8
112,Stephen Park,Wednesday 10th of May 2000,Office Star - Ergonomically Designed Knee Chair,8,647.84
112,Stephen Park,Wednesday 10th of May 2000,Newell 343,10,29.4
113,ALLEN SCHNEIDER,Monday 15th of May 2000,Sanford Colorific Colored Pencils  12/Box,8,23.04
113,ALLEN SCHNEIDER,Monday 15th of May 2000,GBC DocuBind 300 Electric Binding Machine,9,1420.11
113,ALLEN SCHNEIDER,Monday 15th of May 2000,Riverside Palais Royal Lawyers Bookcase  Royale Cherry Finish,9,3964.41
114,CHRISTINE LUU,Friday 26th of March 2004,American Pencil,6,13.98
114,CHRISTINE LUU,Friday 26th of March 2004,Advantus Push Pins,5,10.9
115,Ana Vieira-Ribeiro,Tuesday 12th of December 2000,Xerox 1883,2,52.76
115,Ana Vieira-Ribeiro,Tuesday 12th of December 2000,Sony 32GB Class 10 Micro SDHC R40 Memory Card,3,62.849999999999994
115,Ana Vieira-Ribeiro,Tuesday 12th of December 2000,File Shuttle II and Handi-File  Black,3,81.33
116,Ana Vieira-Ribeiro,Saturday 3rd of May 2003,Global Geo Office Task Chair  Gray,5,323.9
117,ALLEN SCHNEIDER,Wednesday 18th of June 2003,Binney & Smith Crayola Metallic Colored Pencils  8-Color Set,9,33.300000000000004
117,ALLEN SCHNEIDER,Wednesday 18th of June 2003,Sony 64GB Class 10 Micro SDHC R40 Memory Card,2,57.58
117,ALLEN SCHNEIDER,Wednesday 18th of June 2003,Sabrent 4-Port USB 2.0 Hub,1,6.79
117,ALLEN SCHNEIDER,Wednesday 18th of June 2003,Padded Folding Chairs  Black  4/Carton,7,396.83
117,ALLEN SCHNEIDER,Wednesday 18th of June 2003,Vinyl Coated Wire Paper Clips in Organizer Box  800/Box,2,18.36
118,Juwan Austin,Thursday 4th of December 2003,Atlantic Metals Mobile 4-Shelf Bookcases  Custom Colors,9,2023.02
118,Juwan Austin,Thursday 4th of December 2003,1.7 Cubic Foot Compact Cube Office Refrigerators,2,416.32
119,Roberto Ortiz,Sunday 29th of February 2004,Sauder Barrister Bookcases,2,129.56
119,Roberto Ortiz,Sunday 29th of February 2004,Wilson Jones  Snap  Scratch Pad Binder Tool for Ring Binders,2,11.6
120,Patrick Cummins,Saturday 18th of October 2003,Vinyl Coated Wire Paper Clips in Organizer Box  800/Box,3,27.54
121,Cheryl Chan,Sunday 7th of January 2001,Imation USB 2.0 Swivel Flash Drive USB flash drive - 4 GB - Pink,2,6.06
121,Cheryl Chan,Sunday 7th of January 2001,Xerox 1987,7,40.46
122,ALLEN SCHNEIDER,Sunday 4th of July 2004,Regeneration Desk Collection,8,14.08
123,TIMMY SANDERS,Saturday 5th of October 2002,Logitech M510 Wireless Mouse,2,63.98
124,Martin Greenlaw,Saturday 31st of August 2002,Memorex Mini Travel Drive 16 GB USB 2.0 Flash Drive,6,95.82000000000001
124,Martin Greenlaw,Saturday 31st of August 2002,Boston 1645 Deluxe Heavier-Duty Electric Pencil Sharpener,7,307.85999999999996
124,Martin Greenlaw,Saturday 31st of August 2002,Globe Weis Peel & Seel First Class Envelopes,8,102.24
124,Martin Greenlaw,Saturday 31st of August 2002,Memorex Mini Travel Drive 8 GB USB 2.0 Flash Drive,1,9.26
124,Martin Greenlaw,Saturday 31st of August 2002,Southworth Structures Collection,5,36.4
125,Ray Salvador,Wednesday 18th of July 2001,Sanford Colorific Eraseable Coloring Pencils  12 Count,2,6.56
125,Ray Salvador,Wednesday 18th of July 2001,GBC Twin Loop Wire Binding Elements  9/16 Spine  Black,5,15.2
125,Ray Salvador,Wednesday 18th of July 2001,Recycled Interoffice Envelopes with String and Button Closure  10 x 13,4,76.76
125,Ray Salvador,Wednesday 18th of July 2001,Wilson Jones Active Use Binders,3,17.46
126,RODNEY SITTON,Wednesday 11th of August 2004,Personal Filing Tote with Lid  Black/Gray,6,74.46000000000001
127,MAVERICK MADISON,Saturday 22nd of May 2004,Acme 10 Easy Grip Assistive Scissors,6,105.18
127,MAVERICK MADISON,Saturday 22nd of May 2004,Xerox 1916,5,195.75
127,MAVERICK MADISON,Saturday 22nd of May 2004,Recycled Desk Saver Line While You Were Out Book  5 1/2 X 4,7,62.64999999999999
128,TAHAR-MOURAD KEHILA,Saturday 15th of June 2002,Xerox 1943,9,440.18999999999994
128,TAHAR-MOURAD KEHILA,Saturday 15th of June 2002,Global Ergonomic Managers Chair,1,162.88
128,TAHAR-MOURAD KEHILA,Saturday 15th of June 2002,AT&T 1070 Corded Phone,8,713.52
128,TAHAR-MOURAD KEHILA,Saturday 15th of June 2002,Self-Adhesive Address Labels for Typewriters by Universal,3,21.93
128,TAHAR-MOURAD KEHILA,Saturday 15th of June 2002,Adams Phone Message Book  Professional  400 Message Capacity  5 3/6  x 11 ,1,6.98
129,Eric Chen,Thursday 5th of February 2004,SAFCO Arco Folding Chair,7,1353.38
129,Eric Chen,Thursday 5th of February 2004,Newell 311,7,15.469999999999999
130,Flora Hester,Friday 14th of December 2001,3M Office Air Cleaner,10,259.8
130,Flora Hester,Friday 14th of December 2001,4009 Highlighters by Sanford,6,23.88
131,Amanda Handerhan,Saturday 2nd of October 2004,Panasonic Kx-TS550,5,183.95
131,Amanda Handerhan,Saturday 2nd of October 2004,Microsoft Sculpt Comfort Mouse,5,199.75
131,Amanda Handerhan,Saturday 2nd of October 2004,Hon 5100 Series Wood Tables,2,465.56
132,Mitchol Hong,Wednesday 17th of January 2001,While You Were Out Pads  50 per Pad  4 x 5 1/4  Green Cycle,3,11.34
133,Trini Whittaker,Tuesday 11th of November 2003,Advantus Push Pins  Aluminum Head,4,23.24
133,Trini Whittaker,Tuesday 11th of November 2003,Binney & Smith Crayola Metallic Colored Pencils  8-Color Set,2,7.4
134,Jason Sawyer,Friday 18th of June 2004,Acme Rosewood Handle Letter Opener,4,12.72
134,Jason Sawyer,Friday 18th of June 2004,Logitech Mobile Speakerphone P710e - speaker phone,7,755.86
135,Trini Whittaker,Tuesday 10th of August 2004,Staples,1,2.38
135,Trini Whittaker,Tuesday 10th of August 2004,Avery 519,2,14.62
135,Trini Whittaker,Tuesday 10th of August 2004,Cisco Small Business SPA 502G VoIP phone,9,738.54
136,TAHAR-MOURAD KEHILA,Tuesday 7th of September 2004,Southworth 25% Cotton Antique Laid Paper & Envelopes,7,58.379999999999995
136,TAHAR-MOURAD KEHILA,Tuesday 7th of September 2004,Atlantic Metals Mobile 3-Shelf Bookcases  Custom Colors,8,1419.76
136,TAHAR-MOURAD KEHILA,Tuesday 7th of September 2004,Magnifier Swing Arm Lamp,9,188.82
136,TAHAR-MOURAD KEHILA,Tuesday 7th of September 2004,Executive Impressions 14 Two-Color Numerals Wall Clock,5,90.9
136,TAHAR-MOURAD KEHILA,Tuesday 7th of September 2004,Bose SoundLink Bluetooth Speaker,4,636.8
137,Juwan Austin,Saturday 15th of March 2003,Nortel Meridian M3904 Professional Digital phone,6,739.14
137,Juwan Austin,Saturday 15th of March 2003,Cisco Small Business SPA 502G VoIP phone,1,82.06
137,Juwan Austin,Saturday 15th of March 2003,Atlantic Metals Mobile 4-Shelf Bookcases  Custom Colors,1,224.78
137,Juwan Austin,Saturday 15th of March 2003,Chromcraft Rectangular Conference Tables,8,1516.64
137,Juwan Austin,Saturday 15th of March 2003,3M Office Air Cleaner,9,233.82
138,John Cretan,Saturday 1st of November 2003,Avery 511,6,18.48
138,John Cretan,Saturday 1st of November 2003,Quartet Omega Colored Chalk  12/Pack,6,28.02
139,Amanda Handerhan,Saturday 2nd of February 2002,Memorex Micro Travel Drive 8 GB,2,20.8
139,Amanda Handerhan,Saturday 2nd of February 2002,Global Push Button Managers Chair  Indigo,5,243.55
139,Amanda Handerhan,Saturday 2nd of February 2002,Global Fabric Managers Chair  Dark Gray,1,70.69
139,Amanda Handerhan,Saturday 2nd of February 2002,BIC Brite Liner Highlighters,9,29.79
140,Flora Hester,Thursday 18th of December 2003,Avery Address/Shipping Labels for Typewriters  4 x 2,2,20.7
141,Bethany Prendes,Wednesday 12th of May 2004,Prang Dustless Chalk Sticks,9,15.12
141,Bethany Prendes,Wednesday 12th of May 2004,Honeywell Enviracaire Portable HEPA Air Cleaner for 17 x 22 Room,3,901.9499999999999
141,Bethany Prendes,Wednesday 12th of May 2004,Xerox 223,9,58.32000000000001
141,Bethany Prendes,Wednesday 12th of May 2004,Lumber Crayons,10,78.8
142,RENE CHANDON,Monday 13th of December 2004,Staple remover,8,29.44
142,RENE CHANDON,Monday 13th of December 2004,Stanley Bostitch Contemporary Electric Pencil Sharpeners,8,108.64
142,RENE CHANDON,Monday 13th of December 2004,Sony 64GB Class 10 Micro SDHC R40 Memory Card,4,115.16
142,RENE CHANDON,Monday 13th of December 2004,Westinghouse Mesh Shade Clip-On Gooseneck Lamp  Black,9,127.26
143,YaPing Penta,Thursday 5th of February 2004,Vinyl Coated Wire Paper Clips in Organizer Box  800/Box,7,64.25999999999999
144,Arthur Caldeira,Thursday 7th of September 2000,Prang Dustless Chalk Sticks,4,6.72
144,Arthur Caldeira,Thursday 7th of September 2000,Office Star - Ergonomically Designed Knee Chair,1,80.98
145,Roberto Ortiz,Saturday 24th of July 2004,Bush Westfield Collection Bookcases  Medium Cherry Finish,10,289.9
145,Roberto Ortiz,Saturday 24th of July 2004,Newell 350,4,13.12
145,Roberto Ortiz,Saturday 24th of July 2004,Holmes Odor Grabber,8,23.04
146,Jason Sawyer,Friday 13th of September 2002,Eaton Premium Continuous-Feed Paper  25% Cotton  Letter Size  White  1000 Shts/Box,2,110.96
146,Jason Sawyer,Friday 13th of September 2002,Xerox 1939,6,113.82
147,MONICA COLLINS,Tuesday 16th of December 2003,Logitech 910-002974 M325 Wireless Mouse for Web Scrolling,3,89.97
147,MONICA COLLINS,Tuesday 16th of December 2003,Fellowes Bankers Box Recycled Super Stor/Drawer,3,161.94
147,MONICA COLLINS,Tuesday 16th of December 2003,DXL Angle-View Binders with Locking Rings by Samsill,4,24.68
148,MAVERICK MADISON,Wednesday 17th of December 2003,Fellowes Officeware Wire Shelving,7,628.81
148,MAVERICK MADISON,Wednesday 17th of December 2003,Xerox 1921,8,63.92
148,MAVERICK MADISON,Wednesday 17th of December 2003,Binney & Smith Crayola Metallic Colored Pencils  8-Color Set,2,7.4
149,Jason Sawyer,Tuesday 27th of August 2002,OIC Colored Binder Clips  Assorted Sizes,10,28.599999999999998
149,Jason Sawyer,Tuesday 27th of August 2002,Logitech Mobile Speakerphone P710e - speaker phone,1,107.98
149,Jason Sawyer,Tuesday 27th of August 2002,Trav-L-File Heavy-Duty Shuttle II  Black,4,139.44
149,Jason Sawyer,Tuesday 27th of August 2002,Global Leather Highback Executive Chair with Pneumatic Height Adjustment  Black,4,643.12
150,Veronidia Alibutod-Romabiles,Thursday 16th of August 2001,Newell 350,4,13.12
150,Veronidia Alibutod-Romabiles,Thursday 16th of August 2001,Storex Dura Pro Binders,8,38.0
150,Veronidia Alibutod-Romabiles,Thursday 16th of August 2001,Eaton Premium Continuous-Feed Paper  25% Cotton  Letter Size  White  1000 Shts/Box,10,554.8
151,Sophear Meas,Thursday 12th of September 2002,Seth Thomas 13 1/2 Wall Clock,9,160.02
151,Sophear Meas,Thursday 12th of September 2002,Xerox 1958,6,38.88
151,Sophear Meas,Thursday 12th of September 2002,GE General Purpose  Extra Long Life  Showcase & Floodlight Incandescent Bulbs,9,26.19
151,Sophear Meas,Thursday 12th of September 2002,Logitech P710e Mobile Speakerphone,10,2059.9
151,Sophear Meas,Thursday 12th of September 2002,GE 30524EE4,8,1254.32
152,Veronidia Alibutod-Romabiles,Wednesday 4th of June 2003,BIC Brite Liner Highlighters  Chisel Tip,7,45.36
153,Duong Trang,Monday 20th of December 2004,Novimex Turbo Task Chair,1,63.88
153,Duong Trang,Monday 20th of December 2004,Global Deluxe Office Fabric Chairs,5,383.9
154,Janet Brock,Tuesday 27th of April 2004,Easy-staple paper,9,88.38
154,Janet Brock,Tuesday 27th of April 2004,Eldon Expressions Wood and Plastic Desk Accessories  Cherry Wood,7,48.86
154,Janet Brock,Tuesday 27th of April 2004,Xerox 223,2,12.96
155,MAVERICK MADISON,Saturday 1st of June 2002,American Pencil,3,6.99
155,MAVERICK MADISON,Saturday 1st of June 2002,Eldon 200 Class Desk Accessories  Burgundy,6,30.119999999999997
155,MAVERICK MADISON,Saturday 1st of June 2002,4009 Highlighters by Sanford,4,15.92
155,MAVERICK MADISON,Saturday 1st of June 2002,GBC ProClick 150 Presentation Binding System,1,94.79
155,MAVERICK MADISON,Saturday 1st of June 2002,Xerox 1897,9,35.82
156,PETER LEONARD,Thursday 27th of February 2003,Woodgrain Magazine Files by Perma,7,16.66
156,PETER LEONARD,Thursday 27th of February 2003,Turquoise Lead Holder with Pocket Clip,3,20.1
156,PETER LEONARD,Thursday 27th of February 2003,Binney & Smith Crayola Metallic Colored Pencils  8-Color Set,8,29.6
157,Jason Sawyer,Friday 5th of January 2001,Atlantic Metals Mobile 4-Shelf Bookcases  Custom Colors,4,899.12
157,Jason Sawyer,Friday 5th of January 2001,Global Low Back Tilter Chair,6,484.68
157,Jason Sawyer,Friday 5th of January 2001,Avery 489,6,49.67999999999999
158,TIMMY SANDERS,Saturday 5th of August 2000,Crayola Colored Pencils,8,20.96
158,TIMMY SANDERS,Saturday 5th of August 2000,Home/Office Personal File Carts,8,278.08
158,TIMMY SANDERS,Saturday 5th of August 2000,Avaya 5420 Digital phone,8,1079.92
158,TIMMY SANDERS,Saturday 5th of August 2000,6 Cubicle Wall Clock  Black,4,12.96
158,TIMMY SANDERS,Saturday 5th of August 2000,KLD Oscar II Style Snap-on Ultra Thin Side Flip Synthetic Leather Cover Case for HTC One HTC M7,10,97.2
159,Angelica Leon,Monday 12th of November 2001,Global Deluxe Steno Chair,3,207.84
159,Angelica Leon,Monday 12th of November 2001,Wirebound Service Call Books  5 1/2 x 4,10,96.8
159,Angelica Leon,Monday 12th of November 2001,Global Deluxe Stacking Chair  Gray,1,35.69
159,Angelica Leon,Monday 12th of November 2001,Safco Industrial Shelving,2,147.7
159,Angelica Leon,Monday 12th of November 2001,Telephone Message Books with Fax/Mobile Section  5 1/2 x 3 3/16,7,44.449999999999996
160,Sophear Meas,Wednesday 17th of April 2002,Sortfiler Multipurpose Personal File Organizer  Black,6,128.34
161,LIH-MEEI LEU,Friday 23rd of July 2004,Hon Multipurpose Stacking Arm Chairs,4,866.4
162,Roberto Ortiz,Tuesday 17th of September 2002,Xerox 1999,5,32.400000000000006
163,Ana Vieira-Ribeiro,Wednesday 23rd of May 2001,Newell 311,5,11.05
163,Ana Vieira-Ribeiro,Wednesday 23rd of May 2001,Avery Hi-Liter EverBold Pen Style Fluorescent Highlighters  4/Pack,6,39.06
163,Ana Vieira-Ribeiro,Wednesday 23rd of May 2001,Howard Miller 13 Diameter Goldtone Round Wall Clock,3,112.64999999999999
163,Ana Vieira-Ribeiro,Wednesday 23rd of May 2001,Recycled Desk Saver Line While You Were Out Book  5 1/2 X 4,7,62.64999999999999
163,Ana Vieira-Ribeiro,Wednesday 23rd of May 2001,Poly String Tie Envelopes,10,16.299999999999997
164,Duong Trang,Wednesday 27th of September 2000,Xerox 1897,3,11.94
164,Duong Trang,Wednesday 27th of September 2000,Plantronics HL10 Handset Lifter,6,556.74
165,Bob Massola,Monday 9th of July 2001,Avery Hidden Tab Dividers for Binding Systems,7,4.2
165,Bob Massola,Monday 9th of July 2001,Avery Recycled Flexi-View Covers for Binding Systems,3,14.43
165,Bob Massola,Monday 9th of July 2001,Eldon Fold N Roll Cart System,9,100.62
166,Gloria Arredondo,Friday 5th of October 2001,Eldon Fold N Roll Cart System,4,44.72
166,Gloria Arredondo,Friday 5th of October 2001,Turquoise Lead Holder with Pocket Clip,2,13.4
166,Gloria Arredondo,Friday 5th of October 2001,Deluxe Rollaway Locking File with Drawer,2,665.4
166,Gloria Arredondo,Friday 5th of October 2001,Xerox 4200 Series MultiUse Premium Copy Paper (20Lb. and 84 Bright),6,31.68
167,Arthur Caldeira,Friday 24th of May 2002,Xerox 1995,7,45.36
167,Arthur Caldeira,Friday 24th of May 2002,Hon 4070 Series Pagoda Armless Upholstered Stacking Chairs,4,933.52
167,Arthur Caldeira,Friday 24th of May 2002,Xerox 223,7,45.36
167,Arthur Caldeira,Friday 24th of May 2002,Wirebound Message Book  4 per Page,5,27.15
167,Arthur Caldeira,Friday 24th of May 2002,GBC Instant Index System for Binding Systems,9,23.94
168,BO-MING NG,Saturday 12th of October 2002,Safco Commercial Shelving,8,297.68
168,BO-MING NG,Saturday 12th of October 2002,Mitel 5320 IP Phone VoIP phone,6,907.14
168,BO-MING NG,Saturday 12th of October 2002,Hunt PowerHouse Electric Pencil Sharpener  Blue,5,189.89999999999998
169,Roberto Ortiz,Wednesday 8th of December 2004,Advantus 10-Drawer Portable Organizer  Chrome Metal Frame  Smoke Drawers,7,334.67
169,Roberto Ortiz,Wednesday 8th of December 2004,Trimflex Flexible Post Binders,1,17.1
169,Roberto Ortiz,Wednesday 8th of December 2004,Eldon Base for stackable storage shelf  platinum,10,389.4
170,YaPing Penta,Thursday 30th of March 2000,Avery 509,10,20.9
171,MONICA COLLINS,Thursday 8th of August 2002,Self-Adhesive Removable Labels,7,22.05
171,MONICA COLLINS,Thursday 8th of August 2002,Array Parchment Paper  Assorted Colors,8,58.24
171,MONICA COLLINS,Thursday 8th of August 2002,Howard Miller 13-3/4 Diameter Brushed Chrome Round Wall Clock,1,41.4
171,MONICA COLLINS,Thursday 8th of August 2002,Fellowes Bankers Box Recycled Super Stor/Drawer,7,377.85999999999996
172,Bethany Prendes,Tuesday 12th of November 2002,Chromcraft Rectangular Conference Tables,9,1706.22
172,Bethany Prendes,Tuesday 12th of November 2002,Newell 314,8,35.68
172,Bethany Prendes,Tuesday 12th of November 2002,Bush Advantage Collection Round Conference Table,7,818.51
173,Arthur Caldeira,Wednesday 26th of September 2001,4009 Highlighters by Sanford,6,23.88
173,Arthur Caldeira,Wednesday 26th of September 2001,Xerox 1881,1,12.28
173,Arthur Caldeira,Wednesday 26th of September 2001,Logitech Gaming G510s - Keyboard,1,67.99
173,Arthur Caldeira,Wednesday 26th of September 2001,Safco Industrial Shelving,2,147.7
174,Jason Sawyer,Saturday 20th of May 2000,Self-Adhesive Removable Labels,4,12.6
175,Duong Trang,Saturday 1st of February 2003,Wirebound Message Books  Two 4 1/4 x 5 Forms per Page,8,60.88
176,RENE CHANDON,Sunday 13th of April 2003,Tenex File Box  Personal Filing Tote with Lid  Black,8,99.28
176,RENE CHANDON,Sunday 13th of April 2003,Acme Rosewood Handle Letter Opener,10,31.8
177,Bob Massola,Sunday 12th of August 2001,Hewlett Packard LaserJet 3310 Copier,5,2399.95
177,Bob Massola,Sunday 12th of August 2001,Design Ebony Sketching Pencil,6,6.66
178,Flora Hester,Thursday 16th of May 2002,Sortfiler Multipurpose Personal File Organizer  Black,7,149.73000000000002
179,Martin Greenlaw,Tuesday 28th of September 2004,SAFCO Boltless Steel Shelving,8,909.12
179,Martin Greenlaw,Tuesday 28th of September 2004,Ideal Clamps,3,6.029999999999999
179,Martin Greenlaw,Tuesday 28th of September 2004,Logitech G602 Wireless Gaming Mouse,9,719.91
180,Amy Ng,Friday 25th of April 2003,Avery 489,10,82.8
180,Amy Ng,Friday 25th of April 2003,Avery Durable Plastic 1 Binders,9,40.86
181,Bethany Prendes,Thursday 7th of December 2000,iHome FM Clock Radio with Lightning Dock,8,447.92
182,Gregory Cutcher,Monday 17th of September 2001,Gould Plastics 18-Pocket Panel Bin  34w x 5-1/4d x 20-1/2h,6,551.9399999999999
183,Cheryl Nashir,Tuesday 23rd of September 2003,Logitech M510 Wireless Mouse,9,287.90999999999997
184,LIH-MEEI LEU,Monday 3rd of December 2001,Novimex Swivel Fabric Task Chair,4,603.92
184,LIH-MEEI LEU,Monday 3rd of December 2001,Jabra BIZ 2300 Duo QD Duo Corded Headset,9,914.3100000000001
184,LIH-MEEI LEU,Monday 3rd of December 2001,Newell 333,1,2.78
184,LIH-MEEI LEU,Monday 3rd of December 2001,Longer-Life Soft White Bulbs,3,9.24
184,LIH-MEEI LEU,Monday 3rd of December 2001,Xerox 1957,4,20.72
185,Arthur Caldeira,Tuesday 12th of February 2002,Belkin Grip Candy Sheer Case / Cover for iPhone 5 and 5S,5,43.9
185,Arthur Caldeira,Tuesday 12th of February 2002,Logitech 910-002974 M325 Wireless Mouse for Web Scrolling,9,269.90999999999997
185,Arthur Caldeira,Tuesday 12th of February 2002,Global Deluxe High-Back Managers Chair,10,2001.9
185,Arthur Caldeira,Tuesday 12th of February 2002,Square Credit Card Reader,9,71.91
185,Arthur Caldeira,Tuesday 12th of February 2002,Eldon Cleatmat Plus Chair Mats for High Pile Carpets,3,238.56
186,Gregory Cutcher,Friday 19th of December 2003,Globe Weis Peel & Seel First Class Envelopes,2,25.56
187,Ana Vieira-Ribeiro,Wednesday 30th of May 2001,Lumber Crayons,9,70.92
188,William Tuck,Wednesday 9th of August 2000,Artistic Insta-Plaque,5,78.4
188,William Tuck,Wednesday 9th of August 2000,Boston 1645 Deluxe Heavier-Duty Electric Pencil Sharpener,7,307.85999999999996
188,William Tuck,Wednesday 9th of August 2000,Advantus SlideClip Paper Clips,8,21.84
189,Roberto Ortiz,Friday 14th of December 2001,Staple-based wall hangings,2,7.8
189,Roberto Ortiz,Friday 14th of December 2001,Bose SoundLink Bluetooth Speaker,8,1273.6
189,Roberto Ortiz,Friday 14th of December 2001,Sanford Uni-Blazer View Highlighters  Chisel Tip  Yellow,1,2.2
189,Roberto Ortiz,Friday 14th of December 2001,Tuf-Vin Binders,2,50.52
189,Roberto Ortiz,Friday 14th of December 2001,Avery Poly Binder Pockets,4,14.32
190,LUIS ZUNIGA,Sunday 18th of November 2001,Bulldog Vacuum Base Pencil Sharpener,3,35.97
190,LUIS ZUNIGA,Sunday 18th of November 2001,Newell 318,9,25.02
190,LUIS ZUNIGA,Sunday 18th of November 2001,Tenex File Box  Personal Filing Tote with Lid  Black,1,12.41
190,LUIS ZUNIGA,Sunday 18th of November 2001,Redi-Strip #10 Envelopes  4 1/8 x 9 1/2,1,2.36
191,Angelica Leon,Monday 14th of June 2004,Staple-based wall hangings,4,15.6
192,Cheryl Nashir,Sunday 10th of October 2004,Deflect-o SuperTray Unbreakable Stackable Tray  Letter  Black,4,116.72
192,Cheryl Nashir,Sunday 10th of October 2004,C-Line Cubicle Keepers Polyproplyene Holder With Velcro Backings,3,11.34
192,Cheryl Nashir,Sunday 10th of October 2004,Storex Dura Pro Binders,2,9.5
193,Bethany Prendes,Monday 8th of April 2002,Xerox 1943,10,489.09999999999997
193,Bethany Prendes,Monday 8th of April 2002,Microsoft Arc Touch Mouse,5,239.8
193,Bethany Prendes,Monday 8th of April 2002,Kensington 7 Outlet MasterPiece HOMEOFFICE Power Control Center,6,157.32
193,Bethany Prendes,Monday 8th of April 2002,Lexmark MX611dhe Monochrome Laser Printer,1,1019.99
194,Trini Whittaker,Tuesday 10th of October 2000,SanDisk Ultra 32 GB MicroSDHC Class 10 Memory Card,5,110.5
194,Trini Whittaker,Tuesday 10th of October 2000,Eldon Simplefile Box Office,9,89.55
195,TAHAR-MOURAD KEHILA,Wednesday 22nd of November 2000,Xerox 1883,8,211.04
195,TAHAR-MOURAD KEHILA,Wednesday 22nd of November 2000,Bretford CR4500 Series Slim Rectangular Table,10,1915.2
195,TAHAR-MOURAD KEHILA,Wednesday 22nd of November 2000,Westinghouse Mesh Shade Clip-On Gooseneck Lamp  Black,8,113.12
195,TAHAR-MOURAD KEHILA,Wednesday 22nd of November 2000,Hon 4700 Series Mobuis Mid-Back Task Chairs with Adjustable Arms,3,747.5699999999999
195,TAHAR-MOURAD KEHILA,Wednesday 22nd of November 2000,Safco Industrial Wire Shelving,4,307.16
196,Mitchol Hong,Monday 4th of November 2002,KLD Oscar II Style Snap-on Ultra Thin Side Flip Synthetic Leather Cover Case for HTC One HTC M7,8,77.76
197,MAVERICK MADISON,Friday 18th of April 2003,Fellowes Bankers Box Recycled Super Stor/Drawer,6,323.88
197,MAVERICK MADISON,Friday 18th of April 2003,OIC Bulk Pack Metal Binder Clips,7,19.53
198,Arthur Caldeira,Monday 12th of July 2004,SanDisk Ultra 64 GB MicroSDHC Class 10 Memory Card,8,255.92
198,Arthur Caldeira,Monday 12th of July 2004,Xerox WorkCentre 6505DN Laser Multifunction Printer,1,359.99
198,Arthur Caldeira,Monday 12th of July 2004,NETGEAR N750 Dual Band Wi-Fi Gigabit Router,4,360.0
198,Arthur Caldeira,Monday 12th of July 2004,Staple envelope,6,26.759999999999998
199,CHERYL KIRKSEY,Friday 11th of April 2003,While You Were Out Pads  50 per Pad  4 x 5 1/4  Green Cycle,1,3.78
199,CHERYL KIRKSEY,Friday 11th of April 2003,Wilson Jones Leather-Like Binders with DublLock Round Rings,8,69.84
200,Amanda Handerhan,Saturday 19th of August 2000,Recycled Desk Saver Line While You Were Out Book  5 1/2 X 4,7,62.64999999999999
200,Amanda Handerhan,Saturday 19th of August 2000,Eldon Mobile Mega Data Cart  Mega Stackable  Add-On Trays,5,118.25
201,Gloria Arredondo,Monday 11th of November 2002,Jabra BIZ 2300 Duo QD Duo Corded Headset,3,304.77
201,Gloria Arredondo,Monday 11th of November 2002,Eldon Expressions Desk Accessory  Wood Pencil Holder  Oak,4,15.44
202,William Tuck,Thursday 17th of February 2000,Acco 7-Outlet Masterpiece Power Center  Wihtout Fax/Phone Line Protection,10,243.2
202,William Tuck,Thursday 17th of February 2000,Fellowes Bankers Box Recycled Super Stor/Drawer,9,485.82
203,RODNEY SITTON,Monday 24th of June 2002,Eldon 100 Class Desk Accessories,6,8.100000000000001
203,RODNEY SITTON,Monday 24th of June 2002,Xerox 1920,1,5.98
203,RODNEY SITTON,Monday 24th of June 2002,6 Cubicle Wall Clock  Black,1,3.24
204,Amanda Handerhan,Wednesday 24th of September 2003,Decoflex Hanging Personal Folder File,3,46.26
205,Stephen Park,Tuesday 24th of February 2004,AT&T CL83451 4-Handset Telephone,6,1235.94
205,Stephen Park,Tuesday 24th of February 2004,Global Low Back Tilter Chair,7,565.46
206,Cheryl Chan,Thursday 20th of September 2001,Eldon Mobile Mega Data Cart  Mega Stackable  Add-On Trays,4,94.6
206,Cheryl Chan,Thursday 20th of September 2001,Memorex Micro Travel Drive 8 GB,7,72.8
206,Cheryl Chan,Thursday 20th of September 2001,Seth Thomas 13 1/2 Wall Clock,10,177.8
206,Cheryl Chan,Thursday 20th of September 2001,Convenience Packs of Business Envelopes,5,18.1
207,Patrick Cummins,Wednesday 5th of July 2000,Bush Advantage Collection Racetrack Conference Table,8,1696.88
208,Cheryl Chan,Thursday 7th of March 2002,Bevis Round Conference Table Top  X-Base,3,430.29
209,Janet Brock,Saturday 16th of June 2001,Tennsco Stur-D-Stor Boltless Shelving  5 Shelves  24 Deep  Sand,5,676.55
209,Janet Brock,Saturday 16th of June 2001,Economy Binders,6,2.52
209,Janet Brock,Saturday 16th of June 2001,Jabra BIZ 2300 Duo QD Duo Corded Headset,3,304.77
210,Juwan Austin,Saturday 29th of May 2004,C-Line Peel & Stick Add-On Filing Pockets  8-3/4 x 5-1/8  10/Pack,4,25.48
210,Juwan Austin,Saturday 29th of May 2004,GE General Purpose  Extra Long Life  Showcase & Floodlight Incandescent Bulbs,2,5.82
210,Juwan Austin,Saturday 29th of May 2004,Prang Colored Pencils,9,26.46
210,Juwan Austin,Saturday 29th of May 2004,Bretford CR4500 Series Slim Rectangular Table,9,1723.68
211,Eric Chen,Saturday 14th of August 2004,Bevis Round Bullnose 29 High Table Top,7,1454.39
211,Eric Chen,Saturday 14th of August 2004,Snap-A-Way Black Print Carbonless Ruled Speed Letter  Triplicate,3,113.82
212,Alfreddie Steward,Friday 10th of September 2004,Tenex File Box  Personal Filing Tote with Lid  Black,3,37.230000000000004
212,Alfreddie Steward,Friday 10th of September 2004,Home/Office Personal File Carts,4,139.04
212,Alfreddie Steward,Friday 10th of September 2004,BIC Brite Liner Highlighters,7,23.17
212,Alfreddie Steward,Friday 10th of September 2004,Xerox 195,3,20.04
213,Patrick Cummins,Friday 12th of November 2004,Bush Advantage Collection Round Conference Table,6,701.58
213,Patrick Cummins,Friday 12th of November 2004,Newell 311,5,11.05
213,Patrick Cummins,Friday 12th of November 2004,GBC Twin Loop Wire Binding Elements  9/16 Spine  Black,6,18.240000000000002
214,ALLEN SCHNEIDER,Saturday 8th of January 2000,Storex DuraTech Recycled Plastic Frosted Binders,9,7.6499999999999995
214,ALLEN SCHNEIDER,Saturday 8th of January 2000,Cardinal Hold-It CD Pocket,6,9.600000000000001
214,ALLEN SCHNEIDER,Saturday 8th of January 2000,Padded Folding Chairs  Black  4/Carton,10,566.9
214,ALLEN SCHNEIDER,Saturday 8th of January 2000,Seth Thomas 14 Putty-Colored Wall Clock,9,211.23
215,MONICA COLLINS,Tuesday 8th of January 2002,Avery Personal Creations Heavyweight Cards,5,46.150000000000006
215,MONICA COLLINS,Tuesday 8th of January 2002,Riverside Palais Royal Lawyers Bookcase  Royale Cherry Finish,5,2202.45
216,Duong Trang,Monday 4th of August 2003,Avery 489,1,8.28
217,Sophear Meas,Tuesday 11th of December 2001,Newell 350,9,29.52
217,Sophear Meas,Tuesday 11th of December 2001,GE 30524EE4,1,156.79
218,Eric Chen,Sunday 9th of June 2002,Cisco SPA525G2 IP Phone - Wireless,7,111.72
218,Eric Chen,Sunday 9th of June 2002,Logitech Mobile Speakerphone P710e - speaker phone,9,971.82
218,Eric Chen,Sunday 9th of June 2002,Avaya 5420 Digital phone,3,404.97
219,Janet Brock,Friday 3rd of May 2002,Post-it  Important Message  Note Pad  Neon Colors  50 Sheets/Pad,4,23.28
219,Janet Brock,Friday 3rd of May 2002,Eldon Mobile Mega Data Cart  Mega Stackable  Add-On Trays,3,70.94999999999999
219,Janet Brock,Friday 3rd of May 2002,Colored Envelopes,10,36.9
219,Janet Brock,Friday 3rd of May 2002,Wilson Jones Century Plastic Molded Ring Binders,9,37.35
220,Kavon Jackson,Tuesday 31st of July 2001,Eldon ClusterMat Chair Mat with Cordless Antistatic Protection,6,436.68
221,CHRISTINE LUU,Tuesday 21st of October 2003,File Shuttle I and Handi-File,3,53.42999999999999
221,CHRISTINE LUU,Tuesday 21st of October 2003,Tennsco Lockers  Gray,1,20.98
221,CHRISTINE LUU,Tuesday 21st of October 2003,Logitech Wireless Headset h800,3,299.96999999999997
221,CHRISTINE LUU,Tuesday 21st of October 2003,Square Credit Card Reader  4 1/2 x 4 1/2 x 1  White,9,53.910000000000004
222,Janet Brock,Friday 13th of August 2004,Logitech 910-002974 M325 Wireless Mouse for Web Scrolling,5,149.95
222,Janet Brock,Friday 13th of August 2004,Panasonic KX-TG6844B Expandable Digital Cordless Telephone,3,197.96999999999997
223,YaPing Penta,Saturday 21st of April 2001,Home/Office Personal File Carts,9,312.84
224,Tan Nguyen,Thursday 6th of March 2003,Redi-Strip #10 Envelopes  4 1/8 x 9 1/2,1,2.36
224,Tan Nguyen,Thursday 6th of March 2003,Luxo Economy Swing Arm Lamp,9,179.46
224,Tan Nguyen,Thursday 6th of March 2003,Binney & Smith inkTank Erasable Desk Highlighter  Chisel Tip  Yellow  12/Box,9,18.18
225,Patrick Cummins,Saturday 29th of January 2000,Logitech Gaming G510s - Keyboard,10,679.9
225,Patrick Cummins,Saturday 29th of January 2000,Floodlight Indoor Halogen Bulbs  1 Bulb per Pack  60 Watts,8,155.2
225,Patrick Cummins,Saturday 29th of January 2000,Logitech Wireless Gaming Headset G930,5,639.9499999999999
225,Patrick Cummins,Saturday 29th of January 2000,Sony 32GB Class 10 Micro SDHC R40 Memory Card,3,62.849999999999994
226,CHRISTINE LUU,Monday 12th of June 2000,9-3/4 Diameter Round Wall Clock,6,82.74
226,CHRISTINE LUU,Monday 12th of June 2000,Wirebound Message Book  4 per Page,6,32.58
226,CHRISTINE LUU,Monday 12th of June 2000,Nortel Meridian M3904 Professional Digital phone,3,369.57
226,CHRISTINE LUU,Monday 12th of June 2000,GBC VeloBinder Manual Binding System,9,323.91
226,CHRISTINE LUU,Monday 12th of June 2000,C-Line Cubicle Keepers Polyproplyene Holder With Velcro Backings,4,15.12
227,Juwan Austin,Friday 28th of September 2001,Staple-based wall hangings,4,15.6
227,Juwan Austin,Friday 28th of September 2001,Imation USB 2.0 Swivel Flash Drive USB flash drive - 4 GB - Pink,7,21.209999999999997
227,Juwan Austin,Friday 28th of September 2001,Cisco SPA 501G IP Phone,6,426.96
227,Juwan Austin,Friday 28th of September 2001,Logitech LS21 Speaker System - PC Multimedia - 2.1-CH - Wired,8,159.92
228,Kavon Jackson,Friday 27th of October 2000,Newell 314,4,17.84
229,MONICA COLLINS,Monday 29th of December 2003,Avery 511,2,6.16
230,Emilio Benedetti,Monday 9th of July 2001,4009 Highlighters by Sanford,5,19.9
230,Emilio Benedetti,Monday 9th of July 2001,3M Hangers With Command Adhesive,3,8.879999999999999
231,Emilio Benedetti,Wednesday 28th of July 2004,Bretford CR4500 Series Slim Rectangular Table,2,383.04
231,Emilio Benedetti,Wednesday 28th of July 2004,Prang Dustless Chalk Sticks,9,15.12
231,Emilio Benedetti,Wednesday 28th of July 2004,Poly Designer Cover & Back,2,11.4
231,Emilio Benedetti,Wednesday 28th of July 2004,Xerox 1999,9,58.32000000000001
231,Emilio Benedetti,Wednesday 28th of July 2004,Tenex Traditional Chairmats for Medium Pile Carpet  Standard Lip  36 x 48,9,436.68
232,Amanda Handerhan,Monday 4th of October 2004,AT&T 1070 Corded Phone,5,445.95
232,Amanda Handerhan,Monday 4th of October 2004,Trav-L-File Heavy-Duty Shuttle II  Black,9,313.74
233,Gregory Cutcher,Thursday 20th of May 2004,Advantus 10-Drawer Portable Organizer  Chrome Metal Frame  Smoke Drawers,8,382.48
234,TAHAR-MOURAD KEHILA,Wednesday 15th of September 2004,4009 Highlighters by Sanford,7,27.86
235,LUIS ZUNIGA,Sunday 24th of February 2002,Avery Hidden Tab Dividers for Binding Systems,6,3.5999999999999996
235,LUIS ZUNIGA,Sunday 24th of February 2002,Global Fabric Managers Chair  Dark Gray,5,353.45
236,Duong Trang,Wednesday 25th of February 2004,C-Line Peel & Stick Add-On Filing Pockets  8-3/4 x 5-1/8  10/Pack,10,63.7
236,Duong Trang,Wednesday 25th of February 2004,Logitech Media Keyboard K200,5,139.95
236,Duong Trang,Wednesday 25th of February 2004,Binney & Smith inkTank Erasable Desk Highlighter  Chisel Tip  Yellow  12/Box,9,18.18
236,Duong Trang,Wednesday 25th of February 2004,Wilson Jones Century Plastic Molded Ring Binders,6,24.900000000000002
237,BO-MING NG,Monday 14th of June 2004,DXL Angle-View Binders with Locking Rings by Samsill,1,6.17
237,BO-MING NG,Monday 14th of June 2004,Pressboard Covers with Storage Hooks  9 1/2 x 11  Light Blue,10,14.7
237,BO-MING NG,Monday 14th of June 2004,Tennsco Stur-D-Stor Boltless Shelving  5 Shelves  24 Deep  Sand,10,1353.1
237,BO-MING NG,Monday 14th of June 2004,Jabra BIZ 2300 Duo QD Duo Corded Headset,3,304.77
237,BO-MING NG,Monday 14th of June 2004,Recycled Desk Saver Line While You Were Out Book  5 1/2 X 4,10,89.5
238,Angelica Leon,Tuesday 15th of June 2004,Vinyl Coated Wire Paper Clips in Organizer Box  800/Box,10,91.8
238,Angelica Leon,Tuesday 15th of June 2004,Presstex Flexible Ring Binders,6,21.84
239,Roberto Ortiz,Wednesday 15th of December 2004,Xerox 1967,9,46.62
239,Roberto Ortiz,Wednesday 15th of December 2004,Design Ebony Sketching Pencil,3,3.33
239,Roberto Ortiz,Wednesday 15th of December 2004,DMI Arturo Collection Mission-style Design Wood Chair,1,135.88
240,Stephen Park,Thursday 31st of May 2001,Square Credit Card Reader  4 1/2 x 4 1/2 x 1  White,9,53.910000000000004
240,Stephen Park,Thursday 31st of May 2001,OIC Binder Clips  Mini  1/4 Capacity  Black,5,6.2
240,Stephen Park,Thursday 31st of May 2001,6 Cubicle Wall Clock  Black,1,3.24
240,Stephen Park,Thursday 31st of May 2001,Self-Adhesive Removable Labels,1,3.15
240,Stephen Park,Thursday 31st of May 2001,Eureka Sanitaire  Commercial Upright,3,99.42
241,Ray Salvador,Saturday 1st of July 2000,Global Leather Highback Executive Chair with Pneumatic Height Adjustment  Black,9,1447.02
242,William Tuck,Saturday 31st of March 2001,Sharp AL-1530CS Digital Copier,8,3199.92
242,William Tuck,Saturday 31st of March 2001,Turquoise Lead Holder with Pocket Clip,1,6.7
242,William Tuck,Saturday 31st of March 2001,While You Were Out Pads  50 per Pad  4 x 5 1/4  Green Cycle,3,11.34
243,Ray Salvador,Wednesday 7th of May 2003,Newell 341,7,29.96
243,Ray Salvador,Wednesday 7th of May 2003,Newell 318,7,19.459999999999997
244,TIMMY SANDERS,Wednesday 26th of September 2001,Wilson Jones Hanging View Binder  White  1,8,45.44
244,TIMMY SANDERS,Wednesday 26th of September 2001,Deflect-o SuperTray Unbreakable Stackable Tray  Letter  Black,1,29.18
244,TIMMY SANDERS,Wednesday 26th of September 2001,Global Geo Office Task Chair  Gray,6,388.68
244,TIMMY SANDERS,Wednesday 26th of September 2001,Sauder Mission Library with Doors  Fruitwood Finish,5,556.65
244,TIMMY SANDERS,Wednesday 26th of September 2001,Globe Weis Peel & Seel First Class Envelopes,2,25.56
245,LIH-MEEI LEU,Friday 22nd of October 2004,Xerox 1883,3,79.14
245,LIH-MEEI LEU,Friday 22nd of October 2004,Newell 333,2,5.56
245,LIH-MEEI LEU,Friday 22nd of October 2004,Flexible Leather- Look Classic Collection Ring Binder,4,22.72
246,CHERYL KIRKSEY,Thursday 24th of June 2004,Lenovo 17-Key USB Numeric Keypad,5,135.95000000000002
246,CHERYL KIRKSEY,Thursday 24th of June 2004,Wilson Jones  Snap  Scratch Pad Binder Tool for Ring Binders,8,46.4
246,CHERYL KIRKSEY,Thursday 24th of June 2004,Luxo Professional Fluorescent Magnifier Lamp with Clamp-Mount Base,7,587.5799999999999
246,CHERYL KIRKSEY,Thursday 24th of June 2004,GBC VeloBinder Electric Binding Machine,3,108.87
247,MONICA COLLINS,Friday 29th of June 2001,Xerox 1912,2,37.94
248,Kavon Jackson,Sunday 7th of November 2004,HP Standard 104 key PS/2 Keyboard,6,87.0
249,Juwan Austin,Tuesday 17th of June 2003,OIC Bulk Pack Metal Binder Clips,2,5.58
249,Juwan Austin,Tuesday 17th of June 2003,Kensington 7 Outlet MasterPiece HOMEOFFICE Power Control Center,1,26.22
250,David Hill,Saturday 13th of October 2001,Hon 4700 Series Mobuis Mid-Back Task Chairs with Adjustable Arms,6,1495.1399999999999
250,David Hill,Saturday 13th of October 2001,High-Back Leather Managers Chair,8,831.92
250,David Hill,Saturday 13th of October 2001,Acco Six-Outlet Power Strip  4 Cord Length,5,43.099999999999994
250,David Hill,Saturday 13th of October 2001,Lexmark MX611dhe Monochrome Laser Printer,4,4079.96
250,David Hill,Saturday 13th of October 2001,Trav-L-File Heavy-Duty Shuttle II  Black,5,174.3
251,Eric Chen,Tuesday 22nd of January 2002,Convenience Packs of Business Envelopes,9,32.58
251,Eric Chen,Tuesday 22nd of January 2002,Flexible Leather- Look Classic Collection Ring Binder,7,39.76
251,Eric Chen,Tuesday 22nd of January 2002,Poly String Tie Envelopes,4,6.52
251,Eric Chen,Tuesday 22nd of January 2002,PureGear Roll-On Screen Protector,5,79.95
252,Jason Sawyer,Thursday 7th of September 2000,Staple envelope,9,40.14
252,Jason Sawyer,Thursday 7th of September 2000,Tenex Personal Project File with Scoop Front Design  Black,6,80.88
252,Jason Sawyer,Thursday 7th of September 2000,Eldon 100 Class Desk Accessories,2,2.7
252,Jason Sawyer,Thursday 7th of September 2000,6 Cubicle Wall Clock  Black,4,12.96
252,Jason Sawyer,Thursday 7th of September 2000,AT&T 1070 Corded Phone,6,535.14
253,YaPing Penta,Friday 23rd of May 2003,Sharp AL-1530CS Digital Copier,5,1999.95
253,YaPing Penta,Friday 23rd of May 2003,GBC DocuBind 300 Electric Binding Machine,1,157.79
254,Gregory Cutcher,Sunday 19th of May 2002,Insertable Tab Post Binder Dividers,2,4.82
254,Gregory Cutcher,Sunday 19th of May 2002,Fellowes PB200 Plastic Comb Binding Machine,6,815.94
255,Ray Salvador,Tuesday 4th of September 2001,Luxo Professional Fluorescent Magnifier Lamp with Clamp-Mount Base,4,335.76
256,ALLEN SCHNEIDER,Monday 16th of October 2000,Design Ebony Sketching Pencil,3,3.33
257,Arthur Caldeira,Saturday 29th of May 2004,Trav-L-File Heavy-Duty Shuttle II  Black,10,348.6
257,Arthur Caldeira,Saturday 29th of May 2004,Premier Electric Letter Opener,8,741.52
257,Arthur Caldeira,Saturday 29th of May 2004,Array Parchment Paper  Assorted Colors,2,14.56
257,Arthur Caldeira,Saturday 29th of May 2004,Staple remover,3,11.040000000000001
257,Arthur Caldeira,Saturday 29th of May 2004,Belkin 7 Outlet SurgeMaster Surge Protector with Phone Protection,1,31.58
258,Trini Whittaker,Saturday 20th of March 2004,Advantus Push Pins  Aluminum Head,5,29.049999999999997
259,Arthur Caldeira,Monday 23rd of July 2001,Belkin 19 Vented Equipment Shelf  Black,2,82.36
259,Arthur Caldeira,Monday 23rd of July 2001,Bravo II Megaboss 12-Amp Hard Body Upright  Replacement Belts  2 Belts per Pack,3,7.800000000000001
259,Arthur Caldeira,Monday 23rd of July 2001,6 Cubicle Wall Clock  Black,3,9.72
259,Arthur Caldeira,Monday 23rd of July 2001,American Pencil,2,4.66
260,Jason Sawyer,Saturday 25th of October 2003,Cisco SPA525G2 IP Phone - Wireless,7,111.72
261,MONICA COLLINS,Tuesday 26th of December 2000,3M Office Air Cleaner,7,181.86
261,MONICA COLLINS,Tuesday 26th of December 2000,Newell 330,4,23.92
261,MONICA COLLINS,Tuesday 26th of December 2000,OSullivan Living Dimensions 2-Shelf Bookcases,8,822.64
261,MONICA COLLINS,Tuesday 26th of December 2000,Newell 343,3,8.82
262,Cheryl Chan,Saturday 10th of February 2001,#10 Gummed Flap White Envelopes  100/Box,4,16.52
262,Cheryl Chan,Saturday 10th of February 2001,Microsoft Natural Keyboard Elite,2,95.8
262,Cheryl Chan,Saturday 10th of February 2001,Turquoise Lead Holder with Pocket Clip,2,13.4
262,Cheryl Chan,Saturday 10th of February 2001,Sony 32GB Class 10 Micro SDHC R40 Memory Card,8,167.6
262,Cheryl Chan,Saturday 10th of February 2001,Executive Impressions 14 Two-Color Numerals Wall Clock,8,145.44
263,RODNEY SITTON,Tuesday 5th of December 2000,Bagged Rubber Bands,7,8.82
263,RODNEY SITTON,Tuesday 5th of December 2000,Howard Miller 13-3/4 Diameter Brushed Chrome Round Wall Clock,1,41.4
263,RODNEY SITTON,Tuesday 5th of December 2000,BIC Brite Liner Highlighters,8,26.48
263,RODNEY SITTON,Tuesday 5th of December 2000,Aluminum Document Frame,6,73.32000000000001
263,RODNEY SITTON,Tuesday 5th of December 2000,Turquoise Lead Holder with Pocket Clip,4,26.8
264,YaPing Penta,Monday 9th of September 2002,Newell 350,7,22.959999999999997
264,YaPing Penta,Monday 9th of September 2002,Bose SoundLink Bluetooth Speaker,7,1114.3999999999999
264,YaPing Penta,Monday 9th of September 2002,Bevis Round Bullnose 29 High Table Top,8,1662.16
264,YaPing Penta,Monday 9th of September 2002,Luxo Professional Fluorescent Magnifier Lamp with Clamp-Mount Base,10,839.4
265,Gloria Arredondo,Monday 25th of November 2002,Avery Non-Stick Binders,8,28.72
265,Gloria Arredondo,Monday 25th of November 2002,Xerox 1939,9,170.73
266,LUIS ZUNIGA,Saturday 15th of November 2003,Bush Advantage Collection Round Conference Table,10,1169.3000000000002
267,ALLEN SCHNEIDER,Tuesday 10th of October 2000,Chromcraft Rectangular Conference Tables,7,1327.0600000000002
267,ALLEN SCHNEIDER,Tuesday 10th of October 2000,File Shuttle I and Handi-File,6,106.85999999999999
267,ALLEN SCHNEIDER,Tuesday 10th of October 2000,Xerox 1912,5,94.85
268,Ana Vieira-Ribeiro,Monday 16th of September 2002,Clear Mylar Reinforcing Strips,5,74.75
268,Ana Vieira-Ribeiro,Monday 16th of September 2002,Tyvek Side-Opening Peel & Seel Expanding Envelopes,9,814.32
268,Ana Vieira-Ribeiro,Monday 16th of September 2002,Newell 350,1,3.28
268,Ana Vieira-Ribeiro,Monday 16th of September 2002,Adjustable Depth Letter/Legal Cart,9,1633.14
268,Ana Vieira-Ribeiro,Monday 16th of September 2002,Xerox 223,1,6.48
269,Trini Whittaker,Thursday 23rd of November 2000,Imation USB 2.0 Swivel Flash Drive USB flash drive - 4 GB - Pink,2,6.06
269,Trini Whittaker,Thursday 23rd of November 2000,Fellowes Bankers Box Staxonsteel Drawer File/Stacking System,8,519.84
269,Trini Whittaker,Thursday 23rd of November 2000,Samsung Galaxy Note 3,2,351.98
270,Mitchol Hong,Tuesday 6th of July 2004,Hon Multipurpose Stacking Arm Chairs,4,866.4
270,Mitchol Hong,Tuesday 6th of July 2004,Microsoft Arc Touch Mouse,2,95.92
271,Amy Ng,Friday 5th of March 2004,Jabra BIZ 2300 Duo QD Duo Corded Headset,8,812.72
271,Amy Ng,Friday 5th of March 2004,Tenex File Box  Personal Filing Tote with Lid  Black,6,74.46000000000001
271,Amy Ng,Friday 5th of March 2004,Longer-Life Soft White Bulbs,3,9.24
272,PETER LEONARD,Wednesday 14th of March 2001,Lumber Crayons,1,7.88
272,PETER LEONARD,Wednesday 14th of March 2001,Avery Hidden Tab Dividers for Binding Systems,7,4.2
272,PETER LEONARD,Wednesday 14th of March 2001,Deflect-o DuraMat Lighweight  Studded  Beveled Mat for Low Pile Carpeting,2,68.24
272,PETER LEONARD,Wednesday 14th of March 2001,Convenience Packs of Business Envelopes,7,25.34
273,Eric Chen,Sunday 26th of May 2002,50 Colored Long Pencils,2,20.32
273,Eric Chen,Sunday 26th of May 2002,Square Ring Data Binders  Rigid 75 Pt. Covers  11 x 14-7/8,3,49.53
273,Eric Chen,Sunday 26th of May 2002,OSullivan Living Dimensions 2-Shelf Bookcases,2,205.66
274,Bob Massola,Thursday 24th of February 2000,Global Deluxe Steno Chair,5,346.4
275,Angelica Leon,Thursday 15th of August 2002,Ideal Clamps,5,10.049999999999999
275,Angelica Leon,Thursday 15th of August 2002,Riverside Palais Royal Lawyers Bookcase  Royale Cherry Finish,2,880.98
275,Angelica Leon,Thursday 15th of August 2002,Vinyl Coated Wire Paper Clips in Organizer Box  800/Box,4,36.72
275,Angelica Leon,Thursday 15th of August 2002,SAFCO Boltless Steel Shelving,3,340.92
276,RODNEY SITTON,Wednesday 20th of October 2004,Bretford Rectangular Conference Table Tops,2,413.74
276,RODNEY SITTON,Wednesday 20th of October 2004,While You Were Out Pads  50 per Pad  4 x 5 1/4  Green Cycle,5,18.9
276,RODNEY SITTON,Wednesday 20th of October 2004,Acme 10 Easy Grip Assistive Scissors,3,52.59
276,RODNEY SITTON,Wednesday 20th of October 2004,Avery Recycled Flexi-View Covers for Binding Systems,4,19.24
276,RODNEY SITTON,Wednesday 20th of October 2004,GBC DocuBind P400 Electric Binding System,6,6532.74
277,Bob Massola,Monday 14th of January 2002,C-Line Peel & Stick Add-On Filing Pockets  8-3/4 x 5-1/8  10/Pack,4,25.48
277,Bob Massola,Monday 14th of January 2002,Panasonic Kx-TS550,4,147.16
278,MAVERICK MADISON,Friday 12th of October 2001,Newell Chalk Holder,8,26.4
279,Stephen Park,Friday 4th of June 2004,Avery Recycled Flexi-View Covers for Binding Systems,5,24.049999999999997
279,Stephen Park,Friday 4th of June 2004,HP Standard 104 key PS/2 Keyboard,3,43.5
279,Stephen Park,Friday 4th of June 2004,Hon Racetrack Conference Tables,3,787.53
279,Stephen Park,Friday 4th of June 2004,Chromcraft Rectangular Conference Tables,10,1895.8000000000002
279,Stephen Park,Friday 4th of June 2004,Xerox 216,1,5.18
280,BO-MING NG,Sunday 3rd of September 2000,Decoflex Hanging Personal Folder File  Blue,4,61.68
281,John Cretan,Friday 10th of September 2004,HP Standard 104 key PS/2 Keyboard,6,87.0
281,John Cretan,Friday 10th of September 2004,Sanyo 2.5 Cubic Foot Mid-Size Office Refrigerators,3,839.4300000000001
282,Arthur Caldeira,Saturday 10th of May 2003,Nokia Lumia 521 (T-Mobile),3,89.97
282,Arthur Caldeira,Saturday 10th of May 2003,Imation USB 2.0 Swivel Flash Drive USB flash drive - 4 GB - Pink,7,21.209999999999997
282,Arthur Caldeira,Saturday 10th of May 2003,Canon PC1080F Personal Copier,3,1799.97
282,Arthur Caldeira,Saturday 10th of May 2003,Eldon Fold N Roll Cart System,10,111.8
283,David Hill,Friday 13th of October 2000,Xerox 1930,10,51.8
283,David Hill,Friday 13th of October 2000,Xerox 21,9,46.62
283,David Hill,Friday 13th of October 2000,Advantus Push Pins  Aluminum Head,4,23.24
283,David Hill,Friday 13th of October 2000,Telescoping Adjustable Floor Lamp,3,47.97
283,David Hill,Friday 13th of October 2000,Fellowes PB200 Plastic Comb Binding Machine,8,1087.92
284,Ray Salvador,Friday 10th of September 2004,Cardinal Hold-It CD Pocket,5,8.0
284,Ray Salvador,Friday 10th of September 2004,Global Deluxe Steno Chair,7,484.96000000000004
285,Alfreddie Steward,Sunday 18th of April 2004,Space Solutions HD Industrial Steel Shelving.,8,735.84
285,Alfreddie Steward,Sunday 18th of April 2004,1.7 Cubic Foot Compact Cube Office Refrigerators,2,416.32
285,Alfreddie Steward,Sunday 18th of April 2004,Global Value Mid-Back Managers Chair  Gray,6,255.71999999999997
286,Patrick Cummins,Sunday 8th of December 2002,Deflect-o SuperTray Unbreakable Stackable Tray  Letter  Black,1,29.18
287,Stephen Park,Tuesday 2nd of April 2002,Eldon Wave Desk Accessories,2,11.78
288,YaPing Penta,Tuesday 16th of October 2001,Avery Poly Binder Pockets,6,21.48
288,YaPing Penta,Tuesday 16th of October 2001,Staple remover,4,14.72
288,YaPing Penta,Tuesday 16th of October 2001,Nortel Meridian M3904 Professional Digital phone,4,492.76
288,YaPing Penta,Tuesday 16th of October 2001,Deluxe Rollaway Locking File with Drawer,8,2661.6
288,YaPing Penta,Tuesday 16th of October 2001,Sony Micro Vault Click 8 GB USB 2.0 Flash Drive,10,469.90000000000003
289,Maurice Ellis,Wednesday 28th of May 2003,Globe Weis Peel & Seel First Class Envelopes,4,51.12
290,Bob Massola,Sunday 23rd of June 2002,Recycled Desk Saver Line While You Were Out Book  5 1/2 X 4,10,89.5
290,Bob Massola,Sunday 23rd of June 2002,Canon imageCLASS MF7460 Monochrome Digital Laser Multifunction Copier,3,5987.97
290,Bob Massola,Sunday 23rd of June 2002,Safco Industrial Wire Shelving,2,153.58
290,Bob Massola,Sunday 23rd of June 2002,Stanley Bostitch Contemporary Electric Pencil Sharpeners,2,27.16
291,Mitchol Hong,Wednesday 28th of August 2002,DMI Arturo Collection Mission-style Design Wood Chair,3,407.64
292,CHRISTINE LUU,Wednesday 3rd of November 2004,Binney & Smith inkTank Erasable Desk Highlighter  Chisel Tip  Yellow  12/Box,1,2.02
292,CHRISTINE LUU,Wednesday 3rd of November 2004,Safco Industrial Shelving,7,516.9499999999999
292,CHRISTINE LUU,Wednesday 3rd of November 2004,GBC Wire Binding Strips,3,76.17
293,RODNEY SITTON,Thursday 13th of November 2003,Speck Products Candyshell Flip Case,4,111.96
294,Kavon Jackson,Tuesday 30th of November 2004,Acco 7-Outlet Masterpiece Power Center  Wihtout Fax/Phone Line Protection,1,24.32
295,Angelica Leon,Sunday 16th of July 2000,Avery 505,1,11.84
295,Angelica Leon,Sunday 16th of July 2000,Nortel Meridian M3904 Professional Digital phone,3,369.57
295,Angelica Leon,Sunday 16th of July 2000,Fellowes Bankers Box Staxonsteel Drawer File/Stacking System,5,324.90000000000003
295,Angelica Leon,Sunday 16th of July 2000,C-Line Peel & Stick Add-On Filing Pockets  8-3/4 x 5-1/8  10/Pack,6,38.22
296,Tan Nguyen,Saturday 28th of September 2002,GBC Wire Binding Strips,10,253.9
296,Tan Nguyen,Saturday 28th of September 2002,Advantus Push Pins  Aluminum Head,4,23.24
296,Tan Nguyen,Saturday 28th of September 2002,BIC Brite Liner Highlighters  Chisel Tip,5,32.400000000000006
296,Tan Nguyen,Saturday 28th of September 2002,Avery 519,10,73.1
297,CHRISTINE LUU,Sunday 21st of December 2003,Xerox 205,1,6.48
297,CHRISTINE LUU,Sunday 21st of December 2003,Canon Color ImageCLASS MF8580Cdw Wireless Laser All-In-One Printer  Copier  Scanner,10,3359.9
298,Gloria Arredondo,Sunday 19th of August 2001,Rogers Deluxe File Chest,3,65.94
298,Gloria Arredondo,Sunday 19th of August 2001,Sony Micro Vault Click 16 GB USB 2.0 Flash Drive,6,268.74
298,Gloria Arredondo,Sunday 19th of August 2001,Nokia Lumia 521 (T-Mobile),9,269.90999999999997
298,Gloria Arredondo,Sunday 19th of August 2001,Prang Dustless Chalk Sticks,8,13.44
298,Gloria Arredondo,Sunday 19th of August 2001,Newell 345,8,158.72
299,JONATHAN PURVIS,Wednesday 1st of March 2000,Microsoft Arc Touch Mouse,10,479.6
